Unix Timestamp,Date,Symbol,Open,High,Low,Close,Volume
1514764800,1/1/2018 0:00,BTCUSD,13820.26,13820.26,13775,13775,7.18E-05
1514764860,1/1/2018 0:01,BTCUSD,13775,13804.74,13775,13800,0.93385573
1514764920,1/1/2018 0:02,BTCUSD,13800,13800,13775,13775,1.747633541
1514764980,1/1/2018 0:03,BTCUSD,13775,13775,13772.85,13772.85,1.040767339
1514765040,1/1/2018 0:04,BTCUSD,13772.85,13772.85,13750,13750,6.17105288
1514765100,1/1/2018 0:05,BTCUSD,13750,13750,13700,13700,2.305962493
1514765160,1/1/2018 0:06,BTCUSD,13700,13700,13608.58,13608.58,2.98473213
1514765220,1/1/2018 0:07,BTCUSD,13608.58,13657.2,13601.07,13624.28,3.84460879
1514765280,1/1/2018 0:08,BTCUSD,13624.28,13706.05,13601.01,13706.05,2.74923681
1514765340,1/1/2018 0:09,BTCUSD,13706.05,13718.6,13663.96,13718.6,1.104052923
1514765400,1/1/2018 0:10,BTCUSD,13718.6,13718.6,13649.99,13670.39,0.02199275
1514765460,1/1/2018 0:11,BTCUSD,13670.39,13700,13649.99,13699.92,1.33367809
1514765520,1/1/2018 0:12,BTCUSD,13699.92,13699.92,13650.05,13650.05,0.4000515
1514765580,1/1/2018 0:13,BTCUSD,13650.05,13662.02,13650.05,13650.21,1.10216359
1514765640,1/1/2018 0:14,BTCUSD,13650.21,13662.04,13650,13650,12.04069572
1514765700,1/1/2018 0:15,BTCUSD,13650,13650,13555.52,13583.61,26.05660357
1514765760,1/1/2018 0:16,BTCUSD,13583.61,13583.61,13579.63,13579.63,0.83025188
1514765820,1/1/2018 0:17,BTCUSD,13579.63,13579.63,13538.12,13561.52,2.73316548
1514765880,1/1/2018 0:18,BTCUSD,13561.52,13561.52,13500,13551.63,12.09943773
1514765940,1/1/2018 0:19,BTCUSD,13551.63,13555.23,13551.63,13555.23,3.73019673
1514766000,1/1/2018 0:20,BTCUSD,13555.23,13555.23,13548.83,13552.62,3.71588236
1514766060,1/1/2018 0:21,BTCUSD,13552.62,13555.23,13547.32,13555.23,8.56457765
1514766120,1/1/2018 0:22,BTCUSD,13555.23,13579.6,13555,13579.46,0.54694015
1514766180,1/1/2018 0:23,BTCUSD,13579.46,13579.46,13560.32,13560.32,0.135672444
1514766240,1/1/2018 0:24,BTCUSD,13560.32,13579.6,13559.49,13579.34,10.24629817
1514766300,1/1/2018 0:25,BTCUSD,13579.34,13591.7,13578.7,13591.7,16.8677151
1514766360,1/1/2018 0:26,BTCUSD,13591.7,13601.01,13591.7,13601.01,9.346434486
1514766420,1/1/2018 0:27,BTCUSD,13601.01,13601.01,13601,13601.01,4.56848046
1514766480,1/1/2018 0:28,BTCUSD,13601.01,13615.24,13600.05,13615.08,2.501545464
1514766540,1/1/2018 0:29,BTCUSD,13615.08,13615.24,13615.08,13615.23,0.369988906
1514766600,1/1/2018 0:30,BTCUSD,13615.23,13615.23,13615.03,13615.03,1.35431569
1514766660,1/1/2018 0:31,BTCUSD,13615.03,13615.63,13614.78,13615.63,5.687909293
1514766720,1/1/2018 0:32,BTCUSD,13615.63,13616.8,13615.63,13616.8,2.02058203
1514766780,1/1/2018 0:33,BTCUSD,13616.8,13616.8,13616.78,13616.78,1.55862516
1514766840,1/1/2018 0:34,BTCUSD,13616.78,13616.79,13616,13616,3.802056929
1514766900,1/1/2018 0:35,BTCUSD,13616,13616.77,13615.96,13616.77,0.430680888
1514766960,1/1/2018 0:36,BTCUSD,13616.77,13616.77,13615.02,13615.02,0.7096235
1514767020,1/1/2018 0:37,BTCUSD,13615.02,13615.02,13612.77,13612.77,1.77550731
1514767080,1/1/2018 0:38,BTCUSD,13612.77,13614.66,13612.77,13612.77,1.93527928
1514767140,1/1/2018 0:39,BTCUSD,13612.77,13615.03,13612.77,13615.03,0.960461136
1514767200,1/1/2018 0:40,BTCUSD,13615.03,13615.03,13612.77,13612.77,0.26331747
1514767260,1/1/2018 0:41,BTCUSD,13612.77,13615.03,13612.77,13615.02,0.67514066
1514767320,1/1/2018 0:42,BTCUSD,13615.02,13615.02,13612.77,13615.02,0.20083691
1514767380,1/1/2018 0:43,BTCUSD,13615.02,13615.02,13612.77,13612.77,0.06697695
1514767440,1/1/2018 0:44,BTCUSD,13612.77,13612.77,13612.77,13612.77,0.14899347
1514767500,1/1/2018 0:45,BTCUSD,13612.77,13612.77,13612.77,13612.77,1.08634428
1514767560,1/1/2018 0:46,BTCUSD,13612.77,13614.82,13612.77,13614.82,0.00287273
1514767620,1/1/2018 0:47,BTCUSD,13614.82,13623.93,13614.82,13623.93,0.54102828
1514767680,1/1/2018 0:48,BTCUSD,13623.93,13649.99,13623.93,13649.99,0.861975
1514767740,1/1/2018 0:49,BTCUSD,13649.99,13650.46,13649.99,13650.46,16.82837065
1514767800,1/1/2018 0:50,BTCUSD,13650.46,13650.46,13614.82,13614.82,2.31579099
1514767860,1/1/2018 0:51,BTCUSD,13614.82,13650.42,13614.82,13615,0.2416101
1514767920,1/1/2018 0:52,BTCUSD,13615,13664.7,13615,13664.62,1.366181039
1514767980,1/1/2018 0:53,BTCUSD,13664.62,13664.62,13649.78,13649.79,0.44022562
1514768040,1/1/2018 0:54,BTCUSD,13649.79,13649.79,13587.51,13621.31,2.2
1514768100,1/1/2018 0:55,BTCUSD,13621.31,13621.31,13572.01,13572.01,0.04402666
1514768160,1/1/2018 0:56,BTCUSD,13572.01,13572.01,13535.13,13536.51,2.07126163
1514768220,1/1/2018 0:57,BTCUSD,13536.51,13558.94,13498.05,13498.05,14.12576709
1514768280,1/1/2018 0:58,BTCUSD,13498.05,13556.12,13498.05,13556.12,3.73592271
1514768340,1/1/2018 0:59,BTCUSD,13556.12,13583.9,13555.08,13557.88,2.667711577
1514768400,1/1/2018 1:00,BTCUSD,13557.88,13585.66,13557.88,13585.66,5.175629219
1514768460,1/1/2018 1:01,BTCUSD,13585.66,13585.66,13566.02,13566.04,0.15533337
1514768520,1/1/2018 1:02,BTCUSD,13566.04,13585.66,13566.04,13585.66,0.27206179
1514768580,1/1/2018 1:03,BTCUSD,13585.66,13585.66,13550.7,13585.64,10.06779057
1514768640,1/1/2018 1:04,BTCUSD,13585.64,13585.65,13585.6,13585.63,0.00509821
1514768700,1/1/2018 1:05,BTCUSD,13585.63,13585.63,13576.65,13576.65,0.34092447
1514768760,1/1/2018 1:06,BTCUSD,13576.65,13585.6,13576.65,13583.76,0.14285419
1514768820,1/1/2018 1:07,BTCUSD,13583.76,13583.76,13525.4,13529.78,2.57235423
1514768880,1/1/2018 1:08,BTCUSD,13529.78,13529.78,13502.07,13529.75,0.718204028
1514768940,1/1/2018 1:09,BTCUSD,13529.75,13529.76,13502.12,13502.12,1.51486172
1514769000,1/1/2018 1:10,BTCUSD,13502.12,13516.18,13500,13500,0.851165769
1514769060,1/1/2018 1:11,BTCUSD,13500,13531.8,13500,13531.8,0.12152785
1514769120,1/1/2018 1:12,BTCUSD,13531.8,13531.8,13530.21,13530.21,1.47567903
1514769180,1/1/2018 1:13,BTCUSD,13530.21,13530.21,13529.76,13529.94,1.83997226
1514769240,1/1/2018 1:14,BTCUSD,13529.94,13530.21,13525.21,13530.21,0.19821866
1514769300,1/1/2018 1:15,BTCUSD,13530.21,13530.21,13530.03,13530.06,0.16060347
1514769360,1/1/2018 1:16,BTCUSD,13530.06,13530.21,13528.97,13530.21,4.03866042
1514769420,1/1/2018 1:17,BTCUSD,13530.21,13530.21,13530.21,13530.21,12.66343781
1514769480,1/1/2018 1:18,BTCUSD,13530.21,13581.42,13530.21,13581.42,2.707579097
1514769540,1/1/2018 1:19,BTCUSD,13581.42,13585.46,13581.42,13583.85,0.02896003
1514769600,1/1/2018 1:20,BTCUSD,13583.85,13585.66,13559.41,13585.66,7.529280261
1514769660,1/1/2018 1:21,BTCUSD,13585.66,13585.66,13578.01,13585.65,1.8
1514769720,1/1/2018 1:22,BTCUSD,13585.65,13585.65,13585.65,13585.65,0.45975036
1514769780,1/1/2018 1:23,BTCUSD,13585.65,13585.65,13553.24,13585.64,0.67002875
1514769840,1/1/2018 1:24,BTCUSD,13585.64,13585.64,13554.03,13554.03,0.214516
1514769900,1/1/2018 1:25,BTCUSD,13554.03,13585.66,13554.03,13560.03,8.72423451
1514769960,1/1/2018 1:26,BTCUSD,13560.03,13585,13560.03,13585,0.00290172
1514770020,1/1/2018 1:27,BTCUSD,13585,13585.65,13562.02,13562.02,0.338071821
1514770080,1/1/2018 1:28,BTCUSD,13562.02,13562.02,13560.3,13560.9,1.036843891
1514770140,1/1/2018 1:29,BTCUSD,13560.9,13585.66,13560,13583.14,0.15369233
1514770200,1/1/2018 1:30,BTCUSD,13583.14,13583.14,13550,13550,0.19010793
1514770260,1/1/2018 1:31,BTCUSD,13550,13585.66,13550,13552.16,10.17457153
1514770320,1/1/2018 1:32,BTCUSD,13552.16,13562.06,13538.15,13538.15,0.963925
1514770380,1/1/2018 1:33,BTCUSD,13538.15,13538.15,13503.73,13503.73,6.90378147
1514770440,1/1/2018 1:34,BTCUSD,13503.73,13503.73,13477.17,13477.18,10.73067862
1514770500,1/1/2018 1:35,BTCUSD,13477.18,13477.18,13455.83,13455.83,7.52753657
1514770560,1/1/2018 1:36,BTCUSD,13455.83,13457,13448.38,13457,2.614975682
1514770620,1/1/2018 1:37,BTCUSD,13457,13457,13456.99,13457,5.50646233
1514770680,1/1/2018 1:38,BTCUSD,13457,13457.31,13457,13457.31,5.68267905
1514770740,1/1/2018 1:39,BTCUSD,13457.31,13463.97,13457.29,13463.96,10.97511697
1514770800,1/1/2018 1:40,BTCUSD,13463.96,13463.97,13463.96,13463.97,0.21602133
1514770860,1/1/2018 1:41,BTCUSD,13463.97,13463.97,13393.5,13393.5,11.48217927
1514770920,1/1/2018 1:42,BTCUSD,13393.5,13393.5,13363.19,13363.19,3.653032448
1514770980,1/1/2018 1:43,BTCUSD,13363.19,13441.1,13361.3,13441.1,0.02984873
1514771040,1/1/2018 1:44,BTCUSD,13441.1,13441.19,13385.71,13387.21,0.208787129
1514771100,1/1/2018 1:45,BTCUSD,13387.21,13395.93,13387.21,13395.61,0.55329259
1514771160,1/1/2018 1:46,BTCUSD,13395.61,13395.61,13355,13382.68,0.20816909
1514771220,1/1/2018 1:47,BTCUSD,13382.68,13382.68,13369.93,13369.93,0.03951162
1514771280,1/1/2018 1:48,BTCUSD,13369.93,13370,13356.55,13356.79,0.93171403
1514771340,1/1/2018 1:49,BTCUSD,13356.79,13356.82,13356.79,13356.82,0.01624476
1514771400,1/1/2018 1:50,BTCUSD,13356.82,13370.69,13356.81,13370.67,1.88743158
1514771460,1/1/2018 1:51,BTCUSD,13370.67,13380.26,13370.67,13375.66,0.74206804
1514771520,1/1/2018 1:52,BTCUSD,13375.66,13380.25,13370.67,13370.69,0.696834083
1514771580,1/1/2018 1:53,BTCUSD,13370.69,13370.69,13311,13350,1.59622882
1514771640,1/1/2018 1:54,BTCUSD,13350,13350,13329.96,13329.96,0.31606902
1514771700,1/1/2018 1:55,BTCUSD,13329.96,13329.96,13300,13300,30.29419236
1514771760,1/1/2018 1:56,BTCUSD,13300,13300,13250.5,13254.96,5.81460147
1514771820,1/1/2018 1:57,BTCUSD,13254.96,13254.96,13250.51,13250.51,0.26621722
1514771880,1/1/2018 1:58,BTCUSD,13250.51,13260.54,13250.51,13252.21,0.56949865
1514771940,1/1/2018 1:59,BTCUSD,13252.21,13295.18,13252.21,13262.85,5.15976295
1514772000,1/1/2018 2:00,BTCUSD,13262.85,13300,13262.85,13300,0.23570109
1514772060,1/1/2018 2:01,BTCUSD,13300,13300,13295.19,13300,0.39698405
1514772120,1/1/2018 2:02,BTCUSD,13300,13311,13299.99,13310.25,6.589589549
1514772180,1/1/2018 2:03,BTCUSD,13310.25,13350,13310.25,13349.87,0.538463841
1514772240,1/1/2018 2:04,BTCUSD,13349.87,13350,13348.89,13350,0.11998228
1514772300,1/1/2018 2:05,BTCUSD,13350,13380.26,13350,13380.26,0.03741
1514772360,1/1/2018 2:06,BTCUSD,13380.26,13389,13368.95,13379.69,2.342769804
1514772420,1/1/2018 2:07,BTCUSD,13379.69,13379.69,13298.2,13298.2,0.895291263
1514772480,1/1/2018 2:08,BTCUSD,13298.2,13328.65,13298.2,13328.65,0.02125316
1514772540,1/1/2018 2:09,BTCUSD,13328.65,13337.34,13328.65,13337.34,0.01828128
1514772600,1/1/2018 2:10,BTCUSD,13337.34,13337.35,13337.34,13337.35,0.00116199
1514772660,1/1/2018 2:11,BTCUSD,13337.35,13390.89,13337.35,13390.52,0.017449347
1514772720,1/1/2018 2:12,BTCUSD,13390.52,13390.52,13389.53,13389.73,1.27453688
1514772780,1/1/2018 2:13,BTCUSD,13389.73,13389.96,13389.73,13389.96,0.02
1514772840,1/1/2018 2:14,BTCUSD,13389.96,13400,13389.96,13399.92,0.05354736
1514772900,1/1/2018 2:15,BTCUSD,13399.92,13399.93,13393.14,13393.15,7.56493486
1514772960,1/1/2018 2:16,BTCUSD,13393.15,13393.15,13386.42,13386.42,0.083944
1514773020,1/1/2018 2:17,BTCUSD,13386.42,13386.43,13386.42,13386.43,0.00225726
1514773080,1/1/2018 2:18,BTCUSD,13386.43,13386.43,13337.35,13337.35,0.18044822
1514773140,1/1/2018 2:19,BTCUSD,13337.35,13337.36,13295.19,13299.92,0.10371222
1514773200,1/1/2018 2:20,BTCUSD,13299.92,13299.92,13254.1,13286.93,3.138543563
1514773260,1/1/2018 2:21,BTCUSD,13286.93,13286.93,13286.77,13286.77,0.47520391
1514773320,1/1/2018 2:22,BTCUSD,13286.77,13307.65,13286.75,13307.65,7.99230365
1514773380,1/1/2018 2:23,BTCUSD,13307.65,13366.49,13307.65,13366.49,0.708667682
1514773440,1/1/2018 2:24,BTCUSD,13366.49,13366.49,13334.21,13366.44,1.53268804
1514773500,1/1/2018 2:25,BTCUSD,13366.44,13366.44,13344.25,13358.42,2.67825097
1514773560,1/1/2018 2:26,BTCUSD,13358.42,13358.43,13343.1,13343.1,1.02665079
1514773620,1/1/2018 2:27,BTCUSD,13343.1,13343.1,13343.1,13343.1,0.0014989
1514773680,1/1/2018 2:28,BTCUSD,13343.1,13366.5,13331,13331,0.37900382
1514773740,1/1/2018 2:29,BTCUSD,13331,13331.01,13285.96,13285.96,1.94392014
1514773800,1/1/2018 2:30,BTCUSD,13285.96,13285.96,13186.02,13250,14.00901808
1514773860,1/1/2018 2:31,BTCUSD,13250,13318.8,13248.53,13318.8,2.427749564
1514773920,1/1/2018 2:32,BTCUSD,13318.8,13318.8,13263.14,13263.31,5.91428591
1514773980,1/1/2018 2:33,BTCUSD,13263.31,13290.49,13263.31,13290.49,0.66229264
1514774040,1/1/2018 2:34,BTCUSD,13290.49,13338.86,13290.49,13338.86,0.03822675
1514774100,1/1/2018 2:35,BTCUSD,13338.86,13338.86,13298.3,13319.7,0.213062
1514774160,1/1/2018 2:36,BTCUSD,13319.7,13319.7,13298.99,13298.99,0.54471643
1514774220,1/1/2018 2:37,BTCUSD,13298.99,13298.99,13285.19,13285.19,0.7950166
1514774280,1/1/2018 2:38,BTCUSD,13285.19,13285.19,13280.9,13280.9,0.05685188
1514774340,1/1/2018 2:39,BTCUSD,13280.9,13280.9,13240.01,13242.99,0.34367663
1514774400,1/1/2018 2:40,BTCUSD,13242.99,13242.99,13236.03,13236.05,0.38585882
1514774460,1/1/2018 2:41,BTCUSD,13236.05,13236.05,13214.5,13214.5,3.953795218
1514774520,1/1/2018 2:42,BTCUSD,13214.5,13236.04,13214.5,13236.04,0.05981712
1514774580,1/1/2018 2:43,BTCUSD,13236.04,13236.04,13221.56,13236.03,5.16655798
1514774640,1/1/2018 2:44,BTCUSD,13236.03,13236.04,13236.02,13236.04,50.91800481
1514774700,1/1/2018 2:45,BTCUSD,13236.04,13300,13236.04,13299.99,5.1034662
1514774760,1/1/2018 2:46,BTCUSD,13299.99,13345.37,13299.99,13345.37,0.421015993
1514774820,1/1/2018 2:47,BTCUSD,13345.37,13345.37,13342.45,13342.45,3.75093727
1514774880,1/1/2018 2:48,BTCUSD,13342.45,13350,13342.45,13350,0.164770307
1514774940,1/1/2018 2:49,BTCUSD,13350,13350,13349.99,13350,0.0722606
1514775000,1/1/2018 2:50,BTCUSD,13350,13358.63,13350,13358.63,0.157202654
1514775060,1/1/2018 2:51,BTCUSD,13358.63,13366.38,13358.63,13366.38,0.531136094
1514775120,1/1/2018 2:52,BTCUSD,13366.38,13366.38,13366.37,13366.37,0.35040702
1514775180,1/1/2018 2:53,BTCUSD,13366.37,13366.38,13332.11,13332.75,17.41612421
1514775240,1/1/2018 2:54,BTCUSD,13332.75,13332.75,13326.92,13326.92,0.01321028
1514775300,1/1/2018 2:55,BTCUSD,13326.92,13326.94,13299.99,13300,0.566829674
1514775360,1/1/2018 2:56,BTCUSD,13300,13300,13268.52,13281.86,7.63271285
1514775420,1/1/2018 2:57,BTCUSD,13281.86,13281.86,13244.01,13268.2,1.779873138
1514775480,1/1/2018 2:58,BTCUSD,13268.2,13320,13268.2,13320,3.891501595
1514775540,1/1/2018 2:59,BTCUSD,13320,13320,13320,13320,1.74158169
1514775600,1/1/2018 3:00,BTCUSD,13320,13358.63,13319.99,13358.63,1.220728064
1514775660,1/1/2018 3:01,BTCUSD,13358.63,13358.63,13353.87,13353.88,0.03726382
1514775720,1/1/2018 3:02,BTCUSD,13353.88,13358.6,13353.88,13353.89,0.04893677
1514775780,1/1/2018 3:03,BTCUSD,13353.89,13353.89,13347.94,13347.94,2.827021443
1514775840,1/1/2018 3:04,BTCUSD,13347.94,13347.94,13308.56,13308.57,2.91323099
1514775900,1/1/2018 3:05,BTCUSD,13308.57,13310,13308.57,13310,0.01
1514775960,1/1/2018 3:06,BTCUSD,13310,13310,13308.54,13309,0.21268524
1514776020,1/1/2018 3:07,BTCUSD,13309,13331.85,13309,13331.85,0.0190755
1514776080,1/1/2018 3:08,BTCUSD,13331.85,13331.87,13315,13331.87,0.01356378
1514776140,1/1/2018 3:09,BTCUSD,13331.87,13331.87,13313.8,13331.85,0.01408344
1514776200,1/1/2018 3:10,BTCUSD,13331.85,13379.99,13331.85,13367,2.859252701
1514776260,1/1/2018 3:11,BTCUSD,13367,13367,13349.21,13364.99,0.18244464
1514776320,1/1/2018 3:12,BTCUSD,13364.99,13379.99,13364.99,13379.99,0.01226651
1514776380,1/1/2018 3:13,BTCUSD,13379.99,13400,13379.99,13400,0.101585488
1514776440,1/1/2018 3:14,BTCUSD,13400,13400,13399.99,13400,11.96574866
1514776500,1/1/2018 3:15,BTCUSD,13400,13450,13400,13449.98,0.746613879
1514776560,1/1/2018 3:16,BTCUSD,13449.98,13455,13425.99,13428.38,0.763862898
1514776620,1/1/2018 3:17,BTCUSD,13428.38,13453.24,13400.2,13453.24,0.12967576
1514776680,1/1/2018 3:18,BTCUSD,13453.24,13453.24,13447.99,13447.99,0.40037631
1514776740,1/1/2018 3:19,BTCUSD,13447.99,13448.99,13446.93,13446.93,0.10466636
1514776800,1/1/2018 3:20,BTCUSD,13446.93,13463.96,13446.93,13463.96,0.466585062
1514776860,1/1/2018 3:21,BTCUSD,13463.96,13463.97,13463,13463.97,0.698656633
1514776920,1/1/2018 3:22,BTCUSD,13463.97,13463.97,13463.97,13463.97,0
1514776980,1/1/2018 3:23,BTCUSD,13463.97,13463.97,13463.97,13463.97,1.19027831
1514777040,1/1/2018 3:24,BTCUSD,13463.97,13463.97,13463.97,13463.97,0.14713614
1514777100,1/1/2018 3:25,BTCUSD,13463.97,13478.41,13463.97,13478.41,14.00645087
1514777160,1/1/2018 3:26,BTCUSD,13478.41,13496.51,13478.41,13496.51,4.90770283
1514777220,1/1/2018 3:27,BTCUSD,13496.51,13499.7,13496.51,13499.69,2.722754051
1514777280,1/1/2018 3:28,BTCUSD,13499.69,13499.7,13499.69,13499.69,0.596712953
1514777340,1/1/2018 3:29,BTCUSD,13499.69,13499.7,13499.69,13499.7,0.11007
1514777400,1/1/2018 3:30,BTCUSD,13499.7,13500,13499.7,13500,1.696570166
1514777460,1/1/2018 3:31,BTCUSD,13500,13500,13500,13500,0.92135213
1514777520,1/1/2018 3:32,BTCUSD,13500,13500.4,13500,13500.4,1.314885951
1514777580,1/1/2018 3:33,BTCUSD,13500.4,13514.79,13500.4,13514.79,6.40275999
1514777640,1/1/2018 3:34,BTCUSD,13514.79,13514.79,13512.39,13512.39,0.291920515
1514777700,1/1/2018 3:35,BTCUSD,13512.39,13515.44,13512.39,13515.44,1.262283499
1514777760,1/1/2018 3:36,BTCUSD,13515.44,13515.44,13515.44,13515.44,0.00152786
1514777820,1/1/2018 3:37,BTCUSD,13515.44,13515.44,13515.43,13515.43,0.23418954
1514777880,1/1/2018 3:38,BTCUSD,13515.43,13515.43,13400.4,13451,3.35180056
1514777940,1/1/2018 3:39,BTCUSD,13451,13459.8,13400.6,13400.6,1.39492087
1514778000,1/1/2018 3:40,BTCUSD,13400.6,13451,13400.6,13449.86,0.04915123
1514778060,1/1/2018 3:41,BTCUSD,13449.86,13449.86,13449.85,13449.85,0.3491703
1514778120,1/1/2018 3:42,BTCUSD,13449.85,13449.85,13449.84,13449.85,3.19870273
1514778180,1/1/2018 3:43,BTCUSD,13449.85,13449.85,13449.84,13449.84,0.793014
1514778240,1/1/2018 3:44,BTCUSD,13449.84,13449.84,13449.84,13449.84,0.28016531
1514778300,1/1/2018 3:45,BTCUSD,13449.84,13449.85,13449.83,13449.83,3.93972344
1514778360,1/1/2018 3:46,BTCUSD,13449.83,13449.84,13449.83,13449.84,0.00395552
1514778420,1/1/2018 3:47,BTCUSD,13449.84,13449.84,13449.82,13449.83,0.07385247
1514778480,1/1/2018 3:48,BTCUSD,13449.83,13449.83,13449.82,13449.82,0.06021635
1514778540,1/1/2018 3:49,BTCUSD,13449.82,13449.82,13449.69,13449.69,1.92472151
1514778600,1/1/2018 3:50,BTCUSD,13449.69,13449.8,13428.88,13428.88,0.05062158
1514778660,1/1/2018 3:51,BTCUSD,13428.88,13428.88,13400,13400,2.44260771
1514778720,1/1/2018 3:52,BTCUSD,13400,13402.34,13400,13402.34,0.63071067
1514778780,1/1/2018 3:53,BTCUSD,13402.34,13402.34,13402.23,13402.23,0.1485
1514778840,1/1/2018 3:54,BTCUSD,13402.23,13402.23,13400,13400,0.148663208
1514778900,1/1/2018 3:55,BTCUSD,13400,13400,13395.63,13395.63,0.00089781
1514778960,1/1/2018 3:56,BTCUSD,13395.63,13395.63,13370,13370,0.0031
1514779020,1/1/2018 3:57,BTCUSD,13370,13377.99,13370,13373.92,0.01151984
1514779080,1/1/2018 3:58,BTCUSD,13373.92,13373.92,13372,13372,0.00767902
1514779140,1/1/2018 3:59,BTCUSD,13372,13372,13372,13372,0.03671373
1514779200,1/1/2018 4:00,BTCUSD,13372,13372,13371.99,13372,0.41644801
1514779260,1/1/2018 4:01,BTCUSD,13372,13372,13371.99,13372,0.66599281
1514779320,1/1/2018 4:02,BTCUSD,13372,13395.63,13372,13395.63,0.5
1514779380,1/1/2018 4:03,BTCUSD,13395.63,13395.63,13395.63,13395.63,0.61190216
1514779440,1/1/2018 4:04,BTCUSD,13395.63,13395.63,13391.49,13391.49,0.73207403
1514779500,1/1/2018 4:05,BTCUSD,13391.49,13420.25,13391.48,13420.25,10.20390562
1514779560,1/1/2018 4:06,BTCUSD,13420.25,13420.25,13389.96,13389.96,1.82471603
1514779620,1/1/2018 4:07,BTCUSD,13389.96,13389.96,13389.96,13389.96,0
1514779680,1/1/2018 4:08,BTCUSD,13389.96,13394.71,13328.2,13334.4,2.78306792
1514779740,1/1/2018 4:09,BTCUSD,13334.4,13363.94,13325.21,13363.17,2.35536805
1514779800,1/1/2018 4:10,BTCUSD,13363.17,13363.17,13329,13349.77,1.47735227
1514779860,1/1/2018 4:11,BTCUSD,13349.77,13349.77,13290.2,13291.95,6.46688344
1514779920,1/1/2018 4:12,BTCUSD,13291.95,13321.57,13279.5,13306.92,6.37042484
1514779980,1/1/2018 4:13,BTCUSD,13306.92,13306.92,13303.8,13304.02,1.1135899
1514780040,1/1/2018 4:14,BTCUSD,13304.02,13335.4,13304.02,13335.4,0.04034438
1514780100,1/1/2018 4:15,BTCUSD,13335.4,13335.4,13334.15,13334.15,0.598497085
1514780160,1/1/2018 4:16,BTCUSD,13334.15,13334.15,13306.9,13319.37,0.923747
1514780220,1/1/2018 4:17,BTCUSD,13319.37,13348.71,13319.37,13348.71,3.1945599
1514780280,1/1/2018 4:18,BTCUSD,13348.71,13348.71,13347.98,13347.98,3.00E-05
1514780340,1/1/2018 4:19,BTCUSD,13347.98,13347.98,13345.66,13345.66,2.01208088
1514780400,1/1/2018 4:20,BTCUSD,13345.66,13345.66,13319.38,13319.38,1.939218
1514780460,1/1/2018 4:21,BTCUSD,13319.38,13360.21,13319.38,13360.21,3.40707074
1514780520,1/1/2018 4:22,BTCUSD,13360.21,13363.15,13353.62,13363.15,0.820730625
1514780580,1/1/2018 4:23,BTCUSD,13363.15,13363.16,13363.05,13363.16,5.86837962
1514780640,1/1/2018 4:24,BTCUSD,13363.16,13365,13363.16,13365,1.19097263
1514780700,1/1/2018 4:25,BTCUSD,13365,13408.75,13365,13408.75,5.927668209
1514780760,1/1/2018 4:26,BTCUSD,13408.75,13425.43,13408.75,13425.2,0.36071646
1514780820,1/1/2018 4:27,BTCUSD,13425.2,13425.44,13398.1,13398.1,2.1125619
1514780880,1/1/2018 4:28,BTCUSD,13398.1,13425.44,13398.1,13413.6,5.15037321
1514780940,1/1/2018 4:29,BTCUSD,13413.6,13425.44,13412.2,13425.44,2.38665427
1514781000,1/1/2018 4:30,BTCUSD,13425.44,13425.44,13412,13425.43,2.604774093
1514781060,1/1/2018 4:31,BTCUSD,13425.43,13444.29,13425,13444.2,6.562180383
1514781120,1/1/2018 4:32,BTCUSD,13444.2,13449.82,13442.7,13449.72,0.7447681
1514781180,1/1/2018 4:33,BTCUSD,13449.72,13449.82,13449.45,13449.51,1.056142687
1514781240,1/1/2018 4:34,BTCUSD,13449.51,13449.51,13448.71,13448.74,0.19590654
1514781300,1/1/2018 4:35,BTCUSD,13448.74,13448.74,13440.8,13444.21,2.03178276
1514781360,1/1/2018 4:36,BTCUSD,13444.21,13448.75,13444.21,13448.75,0.87512772
1514781420,1/1/2018 4:37,BTCUSD,13448.75,13449.81,13448.75,13449.81,3.00E-05
1514781480,1/1/2018 4:38,BTCUSD,13449.81,13449.81,13449.81,13449.81,1.57196117
1514781540,1/1/2018 4:39,BTCUSD,13449.81,13449.81,13444.16,13444.16,0.22230684
1514781600,1/1/2018 4:40,BTCUSD,13444.16,13444.21,13444.16,13444.21,0.01249316
1514781660,1/1/2018 4:41,BTCUSD,13444.21,13458.73,13444.21,13458.73,18.00970641
1514781720,1/1/2018 4:42,BTCUSD,13458.73,13499.83,13458.73,13483.06,6.957044299
1514781780,1/1/2018 4:43,BTCUSD,13483.06,13483.06,13477.37,13483.06,0.86159727
1514781840,1/1/2018 4:44,BTCUSD,13483.06,13483.06,13483.05,13483.06,0.58353233
1514781900,1/1/2018 4:45,BTCUSD,13483.06,13483.07,13483.05,13483.07,1.15097523
1514781960,1/1/2018 4:46,BTCUSD,13483.07,13483.07,13483.05,13483.05,0.105083577
1514782020,1/1/2018 4:47,BTCUSD,13483.05,13483.06,13483.05,13483.06,1.784397085
1514782080,1/1/2018 4:48,BTCUSD,13483.06,13483.06,13483.06,13483.06,0.5
1514782140,1/1/2018 4:49,BTCUSD,13483.06,13483.06,13483.05,13483.05,0.017825587
1514782200,1/1/2018 4:50,BTCUSD,13483.05,13483.06,13483.05,13483.06,0.50007
1514782260,1/1/2018 4:51,BTCUSD,13483.06,13483.06,13450.3,13483.01,0.57571702
1514782320,1/1/2018 4:52,BTCUSD,13483.01,13483.07,13450.3,13450.3,0.61020593
1514782380,1/1/2018 4:53,BTCUSD,13450.3,13483.07,13450.3,13483.07,2.48429586
1514782440,1/1/2018 4:54,BTCUSD,13483.07,13483.07,13483,13483.07,1.75190173
1514782500,1/1/2018 4:55,BTCUSD,13483.07,13483.07,13483.07,13483.07,1.535
1514782560,1/1/2018 4:56,BTCUSD,13483.07,13483.07,13483.06,13483.07,0.77241619
1514782620,1/1/2018 4:57,BTCUSD,13483.07,13483.07,13483.06,13483.06,0.012361
1514782680,1/1/2018 4:58,BTCUSD,13483.06,13483.06,13483.06,13483.06,3.36E-05
1514782740,1/1/2018 4:59,BTCUSD,13483.06,13483.07,13483.06,13483.06,1.66764312
1514782800,1/1/2018 5:00,BTCUSD,13483.06,13483.06,13466.28,13466.28,0.1848791
1514782860,1/1/2018 5:01,BTCUSD,13466.28,13482.99,13466.28,13482.99,0.0080626
1514782920,1/1/2018 5:02,BTCUSD,13482.99,13483.06,13466,13483.05,1.28820786
1514782980,1/1/2018 5:03,BTCUSD,13483.05,13483.05,13466.28,13466.28,0.23178343
1514783040,1/1/2018 5:04,BTCUSD,13466.28,13466.28,13460.07,13460.07,0.08035132
1514783100,1/1/2018 5:05,BTCUSD,13460.07,13460.07,13407.38,13407.38,3.96061309
1514783160,1/1/2018 5:06,BTCUSD,13407.38,13450.8,13407.38,13450.8,2.00357041
1514783220,1/1/2018 5:07,BTCUSD,13450.8,13460.07,13450.8,13460.07,0.12403222
1514783280,1/1/2018 5:08,BTCUSD,13460.07,13483,13460.07,13483,0.58921655
1514783340,1/1/2018 5:09,BTCUSD,13483,13483,13482.93,13482.93,0.02215022
1514783400,1/1/2018 5:10,BTCUSD,13482.93,13482.93,13473.25,13473.25,0.00268918
1514783460,1/1/2018 5:11,BTCUSD,13473.25,13473.25,13451.01,13458.28,2.86119527
1514783520,1/1/2018 5:12,BTCUSD,13458.28,13459.59,13368.74,13388.73,11.61394466
1514783580,1/1/2018 5:13,BTCUSD,13388.73,13449.98,13388.7,13389,1.63472318
1514783640,1/1/2018 5:14,BTCUSD,13389,13389,13388.99,13389,4.13240812
1514783700,1/1/2018 5:15,BTCUSD,13389,13399.81,13389,13399.81,5.13006023
1514783760,1/1/2018 5:16,BTCUSD,13399.81,13407.97,13399.19,13399.2,2.14391682
1514783820,1/1/2018 5:17,BTCUSD,13399.2,13409.4,13399.2,13408.42,6.50203041
1514783880,1/1/2018 5:18,BTCUSD,13408.42,13483.07,13408.42,13483.07,2.20182679
1514783940,1/1/2018 5:19,BTCUSD,13483.07,13483.07,13433.8,13433.8,1.6490183
1514784000,1/1/2018 5:20,BTCUSD,13433.8,13482.65,13433.8,13482.58,0.10675266
1514784060,1/1/2018 5:21,BTCUSD,13482.58,13483,13482.06,13483,8.27657824
1514784120,1/1/2018 5:22,BTCUSD,13483,13483,13458.3,13476.79,2.01367979
1514784180,1/1/2018 5:23,BTCUSD,13476.79,13476.79,13422.56,13422.56,0.05063551
1514784240,1/1/2018 5:24,BTCUSD,13422.56,13465.71,13422.55,13465.71,3.686894664
1514784300,1/1/2018 5:25,BTCUSD,13465.71,13465.71,13424.27,13424.27,0.31199892
1514784360,1/1/2018 5:26,BTCUSD,13424.27,13424.27,13424.27,13424.27,0
1514784420,1/1/2018 5:27,BTCUSD,13424.27,13424.27,13422.74,13422.81,0.222970704
1514784480,1/1/2018 5:28,BTCUSD,13422.81,13422.81,13400,13400,9.08328376
1514784540,1/1/2018 5:29,BTCUSD,13400,13400.08,13328.81,13328.81,4.1984806
1514784600,1/1/2018 5:30,BTCUSD,13328.81,13450.27,13328.81,13449.48,1.00018
1514784660,1/1/2018 5:31,BTCUSD,13449.48,13449.52,13448.37,13448.37,1.07353422
1514784720,1/1/2018 5:32,BTCUSD,13448.37,13448.37,13256.9,13256.9,20.03831096
1514784780,1/1/2018 5:33,BTCUSD,13256.9,13434.35,13256.9,13424.05,0.70609575
1514784840,1/1/2018 5:34,BTCUSD,13424.05,13424.05,13372.8,13372.8,0.07230992
1514784900,1/1/2018 5:35,BTCUSD,13372.8,13420.99,13372.61,13372.61,1.37224468
1514784960,1/1/2018 5:36,BTCUSD,13372.61,13372.79,13372.49,13372.49,0.92162675
1514785020,1/1/2018 5:37,BTCUSD,13372.49,13372.5,13372.29,13372.5,0.94393721
1514785080,1/1/2018 5:38,BTCUSD,13372.5,13372.5,13318.68,13318.68,8.33231516
1514785140,1/1/2018 5:39,BTCUSD,13318.68,13372.49,13318.68,13371,0.14256923
1514785200,1/1/2018 5:40,BTCUSD,13371,13371,13305.1,13305.1,1.70249996
1514785260,1/1/2018 5:41,BTCUSD,13305.1,13372.28,13304.98,13305,12.4474515
1514785320,1/1/2018 5:42,BTCUSD,13305,13403.02,13305,13403.02,1.7163682
1514785380,1/1/2018 5:43,BTCUSD,13403.02,13422.17,13402.95,13422.17,5
1514785440,1/1/2018 5:44,BTCUSD,13422.17,13422.17,13419.98,13419.98,0.79001626
1514785500,1/1/2018 5:45,BTCUSD,13419.98,13422.16,13411.64,13422.16,0.76531308
1514785560,1/1/2018 5:46,BTCUSD,13422.16,13422.16,13404,13416.6,4.20379478
1514785620,1/1/2018 5:47,BTCUSD,13416.6,13416.6,13404.2,13416.59,4.14439038
1514785680,1/1/2018 5:48,BTCUSD,13416.59,13422.03,13416.59,13422,0.02858835
1514785740,1/1/2018 5:49,BTCUSD,13422,13422.01,13422,13422.01,0.0646958
1514785800,1/1/2018 5:50,BTCUSD,13422.01,13422.01,13422,13422,1.90039776
1514785860,1/1/2018 5:51,BTCUSD,13422,13422,13422,13422,0
1514785920,1/1/2018 5:52,BTCUSD,13422,13422,13421.9,13421.9,0.04
1514785980,1/1/2018 5:53,BTCUSD,13421.9,13421.9,13421.9,13421.9,0.454
1514786040,1/1/2018 5:54,BTCUSD,13421.9,13421.9,13420.89,13420.89,0.01970781
1514786100,1/1/2018 5:55,BTCUSD,13420.89,13420.89,13418.99,13418.99,0.196117027
1514786160,1/1/2018 5:56,BTCUSD,13418.99,13418.99,13418.99,13418.99,0
1514786220,1/1/2018 5:57,BTCUSD,13418.99,13418.99,13416.77,13416.79,0.63884035
1514786280,1/1/2018 5:58,BTCUSD,13416.79,13416.79,13416.79,13416.79,0.15
1514786340,1/1/2018 5:59,BTCUSD,13416.79,13416.79,13348.8,13416.6,1.64906884
1514786400,1/1/2018 6:00,BTCUSD,13416.6,13416.6,13415.3,13415.3,7.00E-05
1514786460,1/1/2018 6:01,BTCUSD,13415.3,13415.3,13406.69,13406.69,0.04086066
1514786520,1/1/2018 6:02,BTCUSD,13406.69,13406.69,13348.3,13396.21,3.4227744
1514786580,1/1/2018 6:03,BTCUSD,13396.21,13396.21,13347.98,13347.98,7.01516469
1514786640,1/1/2018 6:04,BTCUSD,13347.98,13399.45,13347.98,13399.45,0.218117437
1514786700,1/1/2018 6:05,BTCUSD,13399.45,13399.45,13398.98,13398.98,0.038801077
1514786760,1/1/2018 6:06,BTCUSD,13398.98,13398.98,13370.09,13370.09,0.11013852
1514786820,1/1/2018 6:07,BTCUSD,13370.09,13370.09,13200,13200,10.1919449
1514786880,1/1/2018 6:08,BTCUSD,13200,13395.77,13200,13395.77,0.01492988
1514786940,1/1/2018 6:09,BTCUSD,13395.77,13395.77,13395.21,13395.21,0.4381
1514787000,1/1/2018 6:10,BTCUSD,13395.21,13395.21,13382.79,13382.79,0.08440664
1514787060,1/1/2018 6:11,BTCUSD,13382.79,13382.79,13382.22,13382.22,7.00E-05
1514787120,1/1/2018 6:12,BTCUSD,13382.22,13382.22,13310.7,13310.7,0.49
1514787180,1/1/2018 6:13,BTCUSD,13310.7,13375.6,13310.7,13375.59,1.75253144
1514787240,1/1/2018 6:14,BTCUSD,13375.59,13375.59,13375.59,13375.59,0
1514787300,1/1/2018 6:15,BTCUSD,13375.59,13375.59,13330.6,13375.59,2.113360478
1514787360,1/1/2018 6:16,BTCUSD,13375.59,13375.59,13313.8,13375.55,0.331435086
1514787420,1/1/2018 6:17,BTCUSD,13375.55,13375.55,13375.54,13375.54,0.00375114
1514787480,1/1/2018 6:18,BTCUSD,13375.54,13375.54,13375.06,13375.26,1.01070305
1514787540,1/1/2018 6:19,BTCUSD,13375.26,13375.5,13375.26,13375.39,0.52111847
1514787600,1/1/2018 6:20,BTCUSD,13375.39,13400,13375.3,13400,1.80623543
1514787660,1/1/2018 6:21,BTCUSD,13400,13422.17,13375.91,13422.17,0.81733172
1514787720,1/1/2018 6:22,BTCUSD,13422.17,13434.4,13421.97,13434.4,0.32244915
1514787780,1/1/2018 6:23,BTCUSD,13434.4,13434.4,13434.4,13434.4,0.82
1514787840,1/1/2018 6:24,BTCUSD,13434.4,13500,13434.4,13500,3.16864669
1514787900,1/1/2018 6:25,BTCUSD,13500,13529.88,13500,13529.88,0.689863731
1514787960,1/1/2018 6:26,BTCUSD,13529.88,13587.42,13520.3,13587.42,3.91824964
1514788020,1/1/2018 6:27,BTCUSD,13587.42,13599.99,13533.81,13540.58,3.24568417
1514788080,1/1/2018 6:28,BTCUSD,13540.58,13540.59,13520.5,13539.94,0.81591979
1514788140,1/1/2018 6:29,BTCUSD,13539.94,13548.73,13539.92,13548.73,0.06113858
1514788200,1/1/2018 6:30,BTCUSD,13548.73,13548.73,13530.58,13530.58,0.77973691
1514788260,1/1/2018 6:31,BTCUSD,13530.58,13537.55,13530.58,13537.55,0.04511711
1514788320,1/1/2018 6:32,BTCUSD,13537.55,13537.55,13530.57,13536.65,0.625683965
1514788380,1/1/2018 6:33,BTCUSD,13536.65,13536.65,13530.56,13530.56,0.33238461
1514788440,1/1/2018 6:34,BTCUSD,13530.56,13530.56,13515.45,13515.45,0.33739322
1514788500,1/1/2018 6:35,BTCUSD,13515.45,13515.45,13487.58,13515.04,0.43215391
1514788560,1/1/2018 6:36,BTCUSD,13515.04,13515.04,13515.04,13515.04,0
1514788620,1/1/2018 6:37,BTCUSD,13515.04,13515.34,13500,13515.34,0.62471351
1514788680,1/1/2018 6:38,BTCUSD,13515.34,13515.34,13515.34,13515.34,0.5
1514788740,1/1/2018 6:39,BTCUSD,13515.34,13536.58,13515.34,13536.58,0.08877887
1514788800,1/1/2018 6:40,BTCUSD,13536.58,13536.66,13536.58,13536.65,0.034813
1514788860,1/1/2018 6:41,BTCUSD,13536.65,13599.74,13536.65,13599.56,1.00105643
1514788920,1/1/2018 6:42,BTCUSD,13599.56,13599.56,13550.21,13550.21,1.72146848
1514788980,1/1/2018 6:43,BTCUSD,13550.21,13577.45,13550.21,13568.8,5.64781264
1514789040,1/1/2018 6:44,BTCUSD,13568.8,13600,13568.79,13600,1.653295783
1514789100,1/1/2018 6:45,BTCUSD,13600,13600,13593.79,13594.44,1.74540971
1514789160,1/1/2018 6:46,BTCUSD,13594.44,13713.1,13594.43,13594.43,14.09478443
1514789220,1/1/2018 6:47,BTCUSD,13594.43,13677.19,13594.43,13603.18,2.3479055
1514789280,1/1/2018 6:48,BTCUSD,13603.18,13666.01,13601,13601,0.76322525
1514789340,1/1/2018 6:49,BTCUSD,13601,13656.02,13574.81,13656.02,2.19270548
1514789400,1/1/2018 6:50,BTCUSD,13656.02,13656.02,13574.4,13623.32,1.73590824
1514789460,1/1/2018 6:51,BTCUSD,13623.32,13655.43,13623.32,13638.31,2.46831869
1514789520,1/1/2018 6:52,BTCUSD,13638.31,13664.86,13638.31,13664.86,0.96279598
1514789580,1/1/2018 6:53,BTCUSD,13664.86,13679.8,13656.1,13665.3,5.5791799
1514789640,1/1/2018 6:54,BTCUSD,13665.3,13699.76,13501.05,13665.31,7.59568466
1514789700,1/1/2018 6:55,BTCUSD,13665.31,13686.58,13665.31,13686.58,0.00022516
1514789760,1/1/2018 6:56,BTCUSD,13686.58,13686.59,13640.2,13640.71,0.67042725
1514789820,1/1/2018 6:57,BTCUSD,13640.71,13646.21,13640.71,13646.21,0.77389001
1514789880,1/1/2018 6:58,BTCUSD,13646.21,13750,13646.21,13750,4.840848386
1514789940,1/1/2018 6:59,BTCUSD,13750,13750,13652.9,13735.01,12.65265159
1514790000,1/1/2018 7:00,BTCUSD,13735.01,13735.01,13630.01,13630.2,1.87978842
1514790060,1/1/2018 7:01,BTCUSD,13630.2,13705.3,13630.2,13640.2,14.55650669
1514790120,1/1/2018 7:02,BTCUSD,13640.2,13702.63,13640.2,13701.75,5.371742127
1514790180,1/1/2018 7:03,BTCUSD,13701.75,13701.75,13631.21,13654.49,9.87223617
1514790240,1/1/2018 7:04,BTCUSD,13654.49,13700.2,13653.71,13700.2,2.51971184
1514790300,1/1/2018 7:05,BTCUSD,13700.2,13736.66,13658.5,13736.66,7.37908041
1514790360,1/1/2018 7:06,BTCUSD,13736.66,13745.28,13665.61,13682.83,1.72658525
1514790420,1/1/2018 7:07,BTCUSD,13682.83,13749.97,13682.83,13712.81,9.73803016
1514790480,1/1/2018 7:08,BTCUSD,13712.81,13749.99,13712.4,13749.99,6.61423789
1514790540,1/1/2018 7:09,BTCUSD,13749.99,13750,13715.21,13720.31,0.55671198
1514790600,1/1/2018 7:10,BTCUSD,13720.31,13720.31,13720.31,13720.31,7.27E-05
1514790660,1/1/2018 7:11,BTCUSD,13720.31,13824.23,13720.31,13784.07,63.17171119
1514790720,1/1/2018 7:12,BTCUSD,13784.07,13824.17,13721.71,13800,19.86541112
1514790780,1/1/2018 7:13,BTCUSD,13800,13800,13760,13760,0.77513048
1514790840,1/1/2018 7:14,BTCUSD,13760,13760,13720.31,13720.31,0.61156922
1514790900,1/1/2018 7:15,BTCUSD,13720.31,13720.31,13700,13700,0.00728846
1514790960,1/1/2018 7:16,BTCUSD,13700,13720.31,13700,13700,0.16154358
1514791020,1/1/2018 7:17,BTCUSD,13700,13720.28,13700,13714.96,0.664177607
1514791080,1/1/2018 7:18,BTCUSD,13714.96,13715,13631.41,13704.1,2.93722319
1514791140,1/1/2018 7:19,BTCUSD,13704.1,13704.1,13687.72,13699.98,4.11036875
1514791200,1/1/2018 7:20,BTCUSD,13699.98,13700,13649,13700,0.788201989
1514791260,1/1/2018 7:21,BTCUSD,13700,13700,13648.55,13700,1.922909415
1514791320,1/1/2018 7:22,BTCUSD,13700,13700,13700,13700,0
1514791380,1/1/2018 7:23,BTCUSD,13700,13700.37,13699.26,13699.26,0.613075263
1514791440,1/1/2018 7:24,BTCUSD,13699.26,13699.26,13690.24,13690.24,0.40084218
1514791500,1/1/2018 7:25,BTCUSD,13690.24,13690.24,13672.83,13690,0.522423855
1514791560,1/1/2018 7:26,BTCUSD,13690,13690,13672.8,13689.97,3.25455163
1514791620,1/1/2018 7:27,BTCUSD,13689.97,13689.97,13689.97,13689.97,0
1514791680,1/1/2018 7:28,BTCUSD,13689.97,13689.97,13671.86,13671.86,0.03736848
1514791740,1/1/2018 7:29,BTCUSD,13671.86,13690,13671.86,13681.71,0.304270628
1514791800,1/1/2018 7:30,BTCUSD,13681.71,13690,13681.71,13690,0.09459912
1514791860,1/1/2018 7:31,BTCUSD,13690,13690,13690,13690,0
1514791920,1/1/2018 7:32,BTCUSD,13690,13690,13690,13690,0
1514791980,1/1/2018 7:33,BTCUSD,13690,13690,13690,13690,0.366523
1514792040,1/1/2018 7:34,BTCUSD,13690,13690,13690,13690,0
1514792100,1/1/2018 7:35,BTCUSD,13690,13690,13689.86,13689.86,0.68227649
1514792160,1/1/2018 7:36,BTCUSD,13689.86,13689.86,13670,13670,0.51263152
1514792220,1/1/2018 7:37,BTCUSD,13670,13670,13669.84,13669.9,0.01136433
1514792280,1/1/2018 7:38,BTCUSD,13669.9,13669.91,13669.89,13669.9,0.04286818
1514792340,1/1/2018 7:39,BTCUSD,13669.9,13669.9,13669.86,13669.86,0.03
1514792400,1/1/2018 7:40,BTCUSD,13669.86,13669.86,13660.8,13660.88,0.00867363
1514792460,1/1/2018 7:41,BTCUSD,13660.88,13669.27,13660.8,13660.8,0.07606364
1514792520,1/1/2018 7:42,BTCUSD,13660.8,13660.8,13660.8,13660.8,0
1514792580,1/1/2018 7:43,BTCUSD,13660.8,13660.8,13630.2,13630.2,3.094434207
1514792640,1/1/2018 7:44,BTCUSD,13630.2,13630.21,13630.2,13630.2,0.43363193
1514792700,1/1/2018 7:45,BTCUSD,13630.2,13630.2,13630.19,13630.2,0.05
1514792760,1/1/2018 7:46,BTCUSD,13630.2,13630.2,13605.07,13605.07,0.08830194
1514792820,1/1/2018 7:47,BTCUSD,13605.07,13605.07,13550,13550,0.75495052
1514792880,1/1/2018 7:48,BTCUSD,13550,13569.42,13531.76,13531.76,0.892312485
1514792940,1/1/2018 7:49,BTCUSD,13531.76,13540.5,13531.76,13536.51,0.80025189
1514793000,1/1/2018 7:50,BTCUSD,13536.51,13574.92,13536.51,13540.4,0.112621407
1514793060,1/1/2018 7:51,BTCUSD,13540.4,13579.24,13540.4,13546.05,0.10942231
1514793120,1/1/2018 7:52,BTCUSD,13546.05,13553.91,13500,13535.12,14.0996642
1514793180,1/1/2018 7:53,BTCUSD,13535.12,13557.83,13535.12,13557.83,1.099117364
1514793240,1/1/2018 7:54,BTCUSD,13557.83,13560.43,13535.13,13535.13,4.327011765
1514793300,1/1/2018 7:55,BTCUSD,13535.13,13535.13,13535.13,13535.13,0
1514793360,1/1/2018 7:56,BTCUSD,13535.13,13535.13,13535.13,13535.13,0
1514793420,1/1/2018 7:57,BTCUSD,13535.13,13546.04,13502.2,13534.2,2.26451749
1514793480,1/1/2018 7:58,BTCUSD,13534.2,13534.21,13534.2,13534.21,0.49603314
1514793540,1/1/2018 7:59,BTCUSD,13534.21,13534.21,13534.18,13534.18,1.10362064
1514793600,1/1/2018 8:00,BTCUSD,13534.18,13534.18,13501.5,13501.5,1.22435577
1514793660,1/1/2018 8:01,BTCUSD,13501.5,13501.7,13501.49,13501.5,2.72538969
1514793720,1/1/2018 8:02,BTCUSD,13501.5,13501.5,13499.99,13499.99,0.06682864
1514793780,1/1/2018 8:03,BTCUSD,13499.99,13499.99,13460.91,13460.91,0.29862997
1514793840,1/1/2018 8:04,BTCUSD,13460.91,13518.4,13460.91,13518.4,5.750554944
1514793900,1/1/2018 8:05,BTCUSD,13518.4,13518.4,13518.4,13518.4,0
1514793960,1/1/2018 8:06,BTCUSD,13518.4,13533.89,13471.4,13533.89,1.00324817
1514794020,1/1/2018 8:07,BTCUSD,13533.89,13533.89,13533.89,13533.89,0
1514794080,1/1/2018 8:08,BTCUSD,13533.89,13533.89,13491.11,13533.88,2.06987248
1514794140,1/1/2018 8:09,BTCUSD,13533.88,13534.09,13532.99,13533,1.0105
1514794200,1/1/2018 8:10,BTCUSD,13533,13533,13516.03,13530,0.01322205
1514794260,1/1/2018 8:11,BTCUSD,13530,13546.35,13468.71,13546.35,10.31033215
1514794320,1/1/2018 8:12,BTCUSD,13546.35,13560.43,13546.35,13560.43,4.492177
1514794380,1/1/2018 8:13,BTCUSD,13560.43,13560.43,13546.38,13560.43,13.11
1514794440,1/1/2018 8:14,BTCUSD,13560.43,13560.43,13530,13560.43,5.16476278
1514794500,1/1/2018 8:15,BTCUSD,13560.43,13560.43,13500,13500,2.52243024
1514794560,1/1/2018 8:16,BTCUSD,13500,13560.39,13480,13480,6.17133624
1514794620,1/1/2018 8:17,BTCUSD,13480,13560.37,13480,13560.23,7.436819781
1514794680,1/1/2018 8:18,BTCUSD,13560.23,13560.42,13496,13500.8,3.95053257
1514794740,1/1/2018 8:19,BTCUSD,13500.8,13554.79,13496.2,13496.4,1.500225
1514794800,1/1/2018 8:20,BTCUSD,13496.4,13560,13496.4,13508.2,4.394492406
1514794860,1/1/2018 8:21,BTCUSD,13508.2,13560,13508.2,13560,2.76
1514794920,1/1/2018 8:22,BTCUSD,13560,13590,13560,13590,18.17715374
1514794980,1/1/2018 8:23,BTCUSD,13590,13590,13571.45,13586.76,9.96546255
1514795040,1/1/2018 8:24,BTCUSD,13586.76,13586.76,13566.3,13566.3,0.01536033
1514795100,1/1/2018 8:25,BTCUSD,13566.3,13586,13566.3,13566.5,0.45071655
1514795160,1/1/2018 8:26,BTCUSD,13566.5,13585.99,13566.5,13585.99,0.225502671
1514795220,1/1/2018 8:27,BTCUSD,13585.99,13585.99,13576.2,13585.99,0.36492473
1514795280,1/1/2018 8:28,BTCUSD,13585.99,13586,13585.99,13586,0.66230087
1514795340,1/1/2018 8:29,BTCUSD,13586,13586,13513.91,13519.51,0.600379728
1514795400,1/1/2018 8:30,BTCUSD,13519.51,13565.8,13488.09,13488.09,1.59113482
1514795460,1/1/2018 8:31,BTCUSD,13488.09,13565.33,13488.09,13500.84,0.63169661
1514795520,1/1/2018 8:32,BTCUSD,13500.84,13544.17,13500.84,13526.02,3.05888561
1514795580,1/1/2018 8:33,BTCUSD,13526.02,13526.02,13489.12,13489.12,10.89
1514795640,1/1/2018 8:34,BTCUSD,13489.12,13489.12,13455,13455,0.28447145
1514795700,1/1/2018 8:35,BTCUSD,13455,13455,13421.1,13421.1,0.57689878
1514795760,1/1/2018 8:36,BTCUSD,13421.1,13421.1,13421.1,13421.1,0.08162732
1514795820,1/1/2018 8:37,BTCUSD,13421.1,13434.5,13421.1,13434.5,0.54926289
1514795880,1/1/2018 8:38,BTCUSD,13434.5,13434.5,13400.01,13400.02,0.04135106
1514795940,1/1/2018 8:39,BTCUSD,13400.02,13463.79,13400.02,13463.79,0.03615533
1514796000,1/1/2018 8:40,BTCUSD,13463.79,13463.79,13428.53,13449.97,0.11507559
1514796060,1/1/2018 8:41,BTCUSD,13449.97,13449.97,13432.25,13432.25,0.01037353
1514796120,1/1/2018 8:42,BTCUSD,13432.25,13432.33,13398.76,13398.76,0.17113087
1514796180,1/1/2018 8:43,BTCUSD,13398.76,13398.76,13353.73,13353.73,1.04917694
1514796240,1/1/2018 8:44,BTCUSD,13353.73,13353.73,13353.1,13353.1,0.022
1514796300,1/1/2018 8:45,BTCUSD,13353.1,13353.1,13352.36,13352.36,0.01423
1514796360,1/1/2018 8:46,BTCUSD,13352.36,13397.31,13352.36,13397.3,0.74182131
1514796420,1/1/2018 8:47,BTCUSD,13397.3,13397.33,13360.98,13360.98,0.00395787
1514796480,1/1/2018 8:48,BTCUSD,13360.98,13398.62,13360.98,13398.62,0.00437857
1514796540,1/1/2018 8:49,BTCUSD,13398.62,13398.73,13398.62,13398.73,0.01272327
1514796600,1/1/2018 8:50,BTCUSD,13398.73,13425.97,13398.73,13425.97,0.225982008
1514796660,1/1/2018 8:51,BTCUSD,13425.97,13425.97,13397.35,13397.35,0.9296771
1514796720,1/1/2018 8:52,BTCUSD,13397.35,13398.61,13358.57,13361.57,1.99769602
1514796780,1/1/2018 8:53,BTCUSD,13361.57,13398.61,13350,13398.61,0.56820125
1514796840,1/1/2018 8:54,BTCUSD,13398.61,13398.61,13359.04,13361.21,0.14435548
1514796900,1/1/2018 8:55,BTCUSD,13361.21,13420.19,13359.8,13420.1,0.18708862
1514796960,1/1/2018 8:56,BTCUSD,13420.1,13420.1,13419.84,13419.84,3.00E-05
1514797020,1/1/2018 8:57,BTCUSD,13419.84,13419.84,13419.6,13419.61,1.285671519
1514797080,1/1/2018 8:58,BTCUSD,13419.61,13419.63,13361.8,13399.99,2.7234981
1514797140,1/1/2018 8:59,BTCUSD,13399.99,13399.99,13399.99,13399.99,0.0001
1514797200,1/1/2018 9:00,BTCUSD,13399.99,13399.99,13399.99,13399.99,0.00744403
1514797260,1/1/2018 9:01,BTCUSD,13399.99,13399.99,13399.99,13399.99,0
1514797320,1/1/2018 9:02,BTCUSD,13399.99,13399.99,13399.99,13399.99,0
1514797380,1/1/2018 9:03,BTCUSD,13399.99,13400,13399.99,13400,0.00997
1514797440,1/1/2018 9:04,BTCUSD,13400,13419.66,13400,13419.65,1.104
1514797500,1/1/2018 9:05,BTCUSD,13419.65,13449.79,13374.1,13374.1,2.2858715
1514797560,1/1/2018 9:06,BTCUSD,13374.1,13464.71,13374.1,13464.71,1.0025
1514797620,1/1/2018 9:07,BTCUSD,13464.71,13464.77,13408.19,13408.19,7.00057837
1514797680,1/1/2018 9:08,BTCUSD,13408.19,13408.19,13408.19,13408.19,0
1514797740,1/1/2018 9:09,BTCUSD,13408.19,13478.73,13408.19,13478.73,0.42081481
1514797800,1/1/2018 9:10,BTCUSD,13478.73,13478.73,13478.69,13478.69,7.00E-05
1514797860,1/1/2018 9:11,BTCUSD,13478.69,13478.69,13478.69,13478.69,0
1514797920,1/1/2018 9:12,BTCUSD,13478.69,13478.69,13450.41,13450.41,0.00182348
1514797980,1/1/2018 9:13,BTCUSD,13450.41,13450.41,13450.41,13450.41,0
1514798040,1/1/2018 9:14,BTCUSD,13450.41,13507.51,13450.41,13478.69,3.766589024
1514798100,1/1/2018 9:15,BTCUSD,13478.69,13478.69,13446.11,13447.01,1.77397025
1514798160,1/1/2018 9:16,BTCUSD,13447.01,13447.01,13447.01,13447.01,0
1514798220,1/1/2018 9:17,BTCUSD,13447.01,13478.68,13447.01,13448.81,17.0468
1514798280,1/1/2018 9:18,BTCUSD,13448.81,13478.68,13448.81,13478.68,0.00098346
1514798340,1/1/2018 9:19,BTCUSD,13478.68,13478.68,13478.68,13478.68,0
1514798400,1/1/2018 9:20,BTCUSD,13478.68,13478.68,13478.15,13478.15,0.5458637
1514798460,1/1/2018 9:21,BTCUSD,13478.15,13501.4,13478.15,13487.33,0.61422863
1514798520,1/1/2018 9:22,BTCUSD,13487.33,13487.33,13487.33,13487.33,0
1514798580,1/1/2018 9:23,BTCUSD,13487.33,13487.33,13487.33,13487.33,0
1514798640,1/1/2018 9:24,BTCUSD,13487.33,13488.22,13483.1,13483.1,0.05101173
1514798700,1/1/2018 9:25,BTCUSD,13483.1,13483.1,13483.1,13483.1,0
1514798760,1/1/2018 9:26,BTCUSD,13483.1,13483.1,13478.69,13478.69,0.000193
1514798820,1/1/2018 9:27,BTCUSD,13478.69,13478.69,13478.68,13478.69,0.07729542
1514798880,1/1/2018 9:28,BTCUSD,13478.69,13478.69,13465.67,13465.67,11.80113412
1514798940,1/1/2018 9:29,BTCUSD,13465.67,13465.67,13448.38,13448.38,0.20688966
1514799000,1/1/2018 9:30,BTCUSD,13448.38,13448.38,13434.26,13434.26,1.30767055
1514799060,1/1/2018 9:31,BTCUSD,13434.26,13436.83,13433.81,13436.81,2.01601304
1514799120,1/1/2018 9:32,BTCUSD,13436.81,13461.23,13418.6,13418.6,1.15601905
1514799180,1/1/2018 9:33,BTCUSD,13418.6,13443.11,13418.6,13443.11,0.02739428
1514799240,1/1/2018 9:34,BTCUSD,13443.11,13443.11,13443.11,13443.11,0
1514799300,1/1/2018 9:35,BTCUSD,13443.11,13453.54,13440.01,13453.54,0.68547671
1514799360,1/1/2018 9:36,BTCUSD,13453.54,13464.78,13453.54,13464.78,0.74189702
1514799420,1/1/2018 9:37,BTCUSD,13464.78,13464.78,13464.78,13464.78,0
1514799480,1/1/2018 9:38,BTCUSD,13464.78,13488.9,13464.78,13488.9,0.01004869
1514799540,1/1/2018 9:39,BTCUSD,13488.9,13488.9,13453.54,13453.54,0.0037095
1514799600,1/1/2018 9:40,BTCUSD,13453.54,13470.37,13453.54,13470.37,7.00E-05
1514799660,1/1/2018 9:41,BTCUSD,13470.37,13470.37,13470.37,13470.37,0
1514799720,1/1/2018 9:42,BTCUSD,13470.37,13473.28,13452.8,13452.8,2.55967465
1514799780,1/1/2018 9:43,BTCUSD,13452.8,13473.27,13433.5,13434.65,10.61332182
1514799840,1/1/2018 9:44,BTCUSD,13434.65,13434.65,13434.65,13434.65,0
1514799900,1/1/2018 9:45,BTCUSD,13434.65,13464.91,13415.1,13415.1,6.738633729
1514799960,1/1/2018 9:46,BTCUSD,13415.1,13464.89,13415.08,13464.89,1.13649065
1514800020,1/1/2018 9:47,BTCUSD,13464.89,13464.91,13464.89,13464.91,0.00371335
1514800080,1/1/2018 9:48,BTCUSD,13464.91,13464.91,13464.91,13464.91,0
1514800140,1/1/2018 9:49,BTCUSD,13464.91,13464.91,13464.91,13464.91,7.00E-05
1514800200,1/1/2018 9:50,BTCUSD,13464.91,13464.91,13464.91,13464.91,0.00371335
1514800260,1/1/2018 9:51,BTCUSD,13464.91,13464.91,13464.91,13464.91,0
1514800320,1/1/2018 9:52,BTCUSD,13464.91,13464.91,13464.91,13464.91,0
1514800380,1/1/2018 9:53,BTCUSD,13464.91,13494.59,13464.91,13494.59,4.41239292
1514800440,1/1/2018 9:54,BTCUSD,13494.59,13559.48,13494.59,13559.48,2.119533787
1514800500,1/1/2018 9:55,BTCUSD,13559.48,13559.48,13559.48,13559.48,0
1514800560,1/1/2018 9:56,BTCUSD,13559.48,13559.48,13559.48,13559.48,0
1514800620,1/1/2018 9:57,BTCUSD,13559.48,13559.48,13538.25,13538.25,0.5
1514800680,1/1/2018 9:58,BTCUSD,13538.25,13538.25,13538.2,13538.2,0.07201844
1514800740,1/1/2018 9:59,BTCUSD,13538.2,13538.2,13538,13538,7.00E-05
1514800800,1/1/2018 10:00,BTCUSD,13538,13538,13502.58,13502.58,0.32470547
1514800860,1/1/2018 10:01,BTCUSD,13502.58,13502.58,13502.58,13502.58,0
1514800920,1/1/2018 10:02,BTCUSD,13502.58,13502.58,13497.6,13497.6,0.00157873
1514800980,1/1/2018 10:03,BTCUSD,13497.6,13497.6,13495,13495,0.50507641
1514801040,1/1/2018 10:04,BTCUSD,13495,13495,13474.63,13474.63,0.30690906
1514801100,1/1/2018 10:05,BTCUSD,13474.63,13476.04,13474.63,13476.04,1.81
1514801160,1/1/2018 10:06,BTCUSD,13476.04,13476.04,13476.04,13476.04,0.0036
1514801220,1/1/2018 10:07,BTCUSD,13476.04,13476.04,13476.04,13476.04,0
1514801280,1/1/2018 10:08,BTCUSD,13476.04,13476.04,13476.04,13476.04,0
1514801340,1/1/2018 10:09,BTCUSD,13476.04,13476.04,13476.04,13476.04,0.02964825
1514801400,1/1/2018 10:10,BTCUSD,13476.04,13476.04,13459.76,13459.76,0.10690628
1514801460,1/1/2018 10:11,BTCUSD,13459.76,13459.76,13459.76,13459.76,0
1514801520,1/1/2018 10:12,BTCUSD,13459.76,13459.94,13459.76,13459.94,0.126
1514801580,1/1/2018 10:13,BTCUSD,13459.94,13459.94,13459.94,13459.94,0
1514801640,1/1/2018 10:14,BTCUSD,13459.94,13459.94,13450,13450,3.18528508
1514801700,1/1/2018 10:15,BTCUSD,13450,13450,13400,13400,0.62804703
1514801760,1/1/2018 10:16,BTCUSD,13400,13400,13400,13400,0.01569
1514801820,1/1/2018 10:17,BTCUSD,13400,13408.72,13400,13407.3,0.04189162
1514801880,1/1/2018 10:18,BTCUSD,13407.3,13408.75,13407.3,13408.75,0.60469142
1514801940,1/1/2018 10:19,BTCUSD,13408.75,13420.2,13400,13400,2.34144856
1514802000,1/1/2018 10:20,BTCUSD,13400,13400,13399.99,13399.99,3.085025782
1514802060,1/1/2018 10:21,BTCUSD,13399.99,13400,13399.99,13399.99,0.430002233
1514802120,1/1/2018 10:22,BTCUSD,13399.99,13400,13399.99,13400,2.250953837
1514802180,1/1/2018 10:23,BTCUSD,13400,13400,13399.99,13400,0.55328687
1514802240,1/1/2018 10:24,BTCUSD,13400,13400,13399.99,13399.99,0.13
1514802300,1/1/2018 10:25,BTCUSD,13399.99,13399.99,13399.99,13399.99,0
1514802360,1/1/2018 10:26,BTCUSD,13399.99,13400,13399.99,13400,0.5
1514802420,1/1/2018 10:27,BTCUSD,13400,13400,13400,13400,2.5
1514802480,1/1/2018 10:28,BTCUSD,13400,13400,13400,13400,0.001
1514802540,1/1/2018 10:29,BTCUSD,13400,13400,13400,13400,5.06444697
1514802600,1/1/2018 10:30,BTCUSD,13400,13400,13400,13400,0.45266119
1514802660,1/1/2018 10:31,BTCUSD,13400,13400,13400,13400,0
1514802720,1/1/2018 10:32,BTCUSD,13400,13400,13400,13400,0.78968986
1514802780,1/1/2018 10:33,BTCUSD,13400,13400,13400,13400,1.35943433
1514802840,1/1/2018 10:34,BTCUSD,13400,13400,13400,13400,2
1514802900,1/1/2018 10:35,BTCUSD,13400,13400,13400,13400,1.05
1514802960,1/1/2018 10:36,BTCUSD,13400,13400,13400,13400,0.008
1514803020,1/1/2018 10:37,BTCUSD,13400,13400,13400,13400,0.02
1514803080,1/1/2018 10:38,BTCUSD,13400,13400,13400,13400,0.1742
1514803140,1/1/2018 10:39,BTCUSD,13400,13400,13400,13400,1.06312697
1514803200,1/1/2018 10:40,BTCUSD,13400,13400,13400,13400,1.09257
1514803260,1/1/2018 10:41,BTCUSD,13400,13400,13400,13400,0.16
1514803320,1/1/2018 10:42,BTCUSD,13400,13400,13400,13400,1.26210821
1514803380,1/1/2018 10:43,BTCUSD,13400,13400,13400,13400,0.63803432
1514803440,1/1/2018 10:44,BTCUSD,13400,13470.51,13399.98,13399.98,15.51900327
1514803500,1/1/2018 10:45,BTCUSD,13399.98,13399.99,13399.98,13399.99,2
1514803560,1/1/2018 10:46,BTCUSD,13399.99,13399.99,13399.99,13399.99,1.002
1514803620,1/1/2018 10:47,BTCUSD,13399.99,13399.99,13399.99,13399.99,2
1514803680,1/1/2018 10:48,BTCUSD,13399.99,13399.99,13399.99,13399.99,0
1514803740,1/1/2018 10:49,BTCUSD,13399.99,13399.99,13399.99,13399.99,0.607
1514803800,1/1/2018 10:50,BTCUSD,13399.99,13399.99,13395,13399.99,2.69966129
1514803860,1/1/2018 10:51,BTCUSD,13399.99,13399.99,13350.21,13380,4.30209553
1514803920,1/1/2018 10:52,BTCUSD,13380,13399.99,13380,13399.99,1.1564
1514803980,1/1/2018 10:53,BTCUSD,13399.99,13399.99,13399.99,13399.99,2.7
1514804040,1/1/2018 10:54,BTCUSD,13399.99,13399.99,13399.99,13399.99,2
1514804100,1/1/2018 10:55,BTCUSD,13399.99,13399.99,13399.99,13399.99,6.000091562
1514804160,1/1/2018 10:56,BTCUSD,13399.99,13399.99,13399.99,13399.99,0.01944989
1514804220,1/1/2018 10:57,BTCUSD,13399.99,13399.99,13399.99,13399.99,0
1514804280,1/1/2018 10:58,BTCUSD,13399.99,13454.29,13399.99,13454.29,1.03723883
1514804340,1/1/2018 10:59,BTCUSD,13454.29,13454.3,13454.29,13454.3,0.0003673
1514804400,1/1/2018 11:00,BTCUSD,13454.3,13454.3,13265.72,13265.72,20
1514804460,1/1/2018 11:01,BTCUSD,13265.72,13476.65,13265.72,13467.59,1.63702283
1514804520,1/1/2018 11:02,BTCUSD,13467.59,13467.59,13460,13460,0.06021539
1514804580,1/1/2018 11:03,BTCUSD,13460,13460,13399.99,13399.99,0.63652618
1514804640,1/1/2018 11:04,BTCUSD,13399.99,13399.99,13267.82,13267.82,9.45047017
1514804700,1/1/2018 11:05,BTCUSD,13267.82,13267.82,13220,13220,4.05888447
1514804760,1/1/2018 11:06,BTCUSD,13220,13220,13169,13169,25.50617921
1514804820,1/1/2018 11:07,BTCUSD,13169,13254.97,13169,13254.97,2.48
1514804880,1/1/2018 11:08,BTCUSD,13254.97,13254.97,13222.88,13222.88,0.12955174
1514804940,1/1/2018 11:09,BTCUSD,13222.88,13222.88,13189.97,13189.97,2.718923
1514805000,1/1/2018 11:10,BTCUSD,13189.97,13208.03,13136.99,13136.99,9.95212662
1514805060,1/1/2018 11:11,BTCUSD,13136.99,13136.99,13099.01,13100,5.59937056
1514805120,1/1/2018 11:12,BTCUSD,13100,13100,13099.99,13100,2.09965539
1514805180,1/1/2018 11:13,BTCUSD,13100,13100,13100,13100,2.00095421
1514805240,1/1/2018 11:14,BTCUSD,13100,13100,13100,13100,16.35995711
1514805300,1/1/2018 11:15,BTCUSD,13100,13152.61,13100,13152.61,0.00219
1514805360,1/1/2018 11:16,BTCUSD,13152.61,13152.61,13152.59,13152.6,1.669871
1514805420,1/1/2018 11:17,BTCUSD,13152.6,13152.6,13125.01,13125.01,3.03218531
1514805480,1/1/2018 11:18,BTCUSD,13125.01,13125.01,13081.7,13100.23,5.15866699
1514805540,1/1/2018 11:19,BTCUSD,13100.23,13100.23,13066.1,13100.2,0.2680031
1514805600,1/1/2018 11:20,BTCUSD,13100.2,13118.2,13100.2,13118.2,1.00578265
1514805660,1/1/2018 11:21,BTCUSD,13118.2,13125.01,13118.15,13125.01,1.01122045
1514805720,1/1/2018 11:22,BTCUSD,13125.01,13125.01,13125.01,13125.01,0.0386842
1514805780,1/1/2018 11:23,BTCUSD,13125.01,13125.01,13118.19,13118.19,6.23523555
1514805840,1/1/2018 11:24,BTCUSD,13118.19,13118.19,13080.01,13080.01,4.21432836
1514805900,1/1/2018 11:25,BTCUSD,13080.01,13125.01,13080.01,13125.01,1.05531102
1514805960,1/1/2018 11:26,BTCUSD,13125.01,13125.01,13115.04,13125.01,1.42909312
1514806020,1/1/2018 11:27,BTCUSD,13125.01,13125.01,13125.01,13125.01,1.01313662
1514806080,1/1/2018 11:28,BTCUSD,13125.01,13125.01,13125.01,13125.01,1.098800542
1514806140,1/1/2018 11:29,BTCUSD,13125.01,13125.01,13096.11,13096.11,11.0785435
1514806200,1/1/2018 11:30,BTCUSD,13096.11,13096.11,13051.06,13051.06,19.14824107
1514806260,1/1/2018 11:31,BTCUSD,13051.06,13087.14,13051.06,13087.11,0.05005036
1514806320,1/1/2018 11:32,BTCUSD,13087.11,13087.19,13087.1,13087.19,1.33506249
1514806380,1/1/2018 11:33,BTCUSD,13087.19,13111.74,13087.19,13111.74,1.18807435
1514806440,1/1/2018 11:34,BTCUSD,13111.74,13116.74,13111.74,13116.74,1.50E-05
1514806500,1/1/2018 11:35,BTCUSD,13116.74,13152.66,13116.74,13152.66,1.00592892
1514806560,1/1/2018 11:36,BTCUSD,13152.66,13152.69,13152.65,13152.66,5.000015
1514806620,1/1/2018 11:37,BTCUSD,13152.66,13152.69,13152.66,13152.69,1.50E-05
1514806680,1/1/2018 11:38,BTCUSD,13152.69,13152.69,13152.69,13152.69,1.50E-05
1514806740,1/1/2018 11:39,BTCUSD,13152.69,13170.79,13152.69,13170.79,0.07405657
1514806800,1/1/2018 11:40,BTCUSD,13170.79,13170.96,13170.78,13170.96,0.03367497
1514806860,1/1/2018 11:41,BTCUSD,13170.96,13170.96,13170.77,13170.77,0.07404256
1514806920,1/1/2018 11:42,BTCUSD,13170.77,13170.97,13170.77,13170.96,0.01164769
1514806980,1/1/2018 11:43,BTCUSD,13170.96,13170.96,13169.85,13169.85,3.59887336
1514807040,1/1/2018 11:44,BTCUSD,13169.85,13169.85,13137.98,13137.98,0.04717007
1514807100,1/1/2018 11:45,BTCUSD,13137.98,13142.42,13137.98,13142.42,1.50E-05
1514807160,1/1/2018 11:46,BTCUSD,13142.42,13142.42,13139.29,13139.29,0.04116444
1514807220,1/1/2018 11:47,BTCUSD,13139.29,13173.75,13139.29,13147.65,0.09246839
1514807280,1/1/2018 11:48,BTCUSD,13147.65,13155.95,13147.65,13155.95,0.020015
1514807340,1/1/2018 11:49,BTCUSD,13155.95,13155.95,13150.75,13150.75,0.020015
1514807400,1/1/2018 11:50,BTCUSD,13150.75,13155.93,13150.75,13155.93,0.00117808
1514807460,1/1/2018 11:51,BTCUSD,13155.93,13156.9,13155.93,13156.9,0.186251537
1514807520,1/1/2018 11:52,BTCUSD,13156.9,13156.9,13156.83,13156.89,1.039510469
1514807580,1/1/2018 11:53,BTCUSD,13156.89,13156.9,13156.89,13156.9,0.03693473
1514807640,1/1/2018 11:54,BTCUSD,13156.9,13156.9,13156.9,13156.9,1.30092743
1514807700,1/1/2018 11:55,BTCUSD,13156.9,13156.9,13156.9,13156.9,1.72502386
1514807760,1/1/2018 11:56,BTCUSD,13156.9,13156.9,13156.9,13156.9,0.018457
1514807820,1/1/2018 11:57,BTCUSD,13156.9,13156.9,13156.9,13156.9,0.74107102
1514807880,1/1/2018 11:58,BTCUSD,13156.9,13157.2,13156.9,13157.2,3.896829394
1514807940,1/1/2018 11:59,BTCUSD,13157.2,13157.21,13157.2,13157.21,0.00272096
1514808000,1/1/2018 12:00,BTCUSD,13157.21,13159.21,13157.21,13159.21,9.50E-05
1514808060,1/1/2018 12:01,BTCUSD,13159.21,13186.14,13159.21,13186.14,0.01544644
1514808120,1/1/2018 12:02,BTCUSD,13186.14,13227.78,13186.14,13227.74,0.016577824
1514808180,1/1/2018 12:03,BTCUSD,13227.74,13227.8,13227.74,13227.8,0.020165236
1514808240,1/1/2018 12:04,BTCUSD,13227.8,13261.14,13227.8,13230.01,0.58307842
1514808300,1/1/2018 12:05,BTCUSD,13230.01,13230.01,13230.01,13230.01,0.27734057
1514808360,1/1/2018 12:06,BTCUSD,13230.01,13230.01,13200,13215.44,2.23578788
1514808420,1/1/2018 12:07,BTCUSD,13215.44,13230.01,13215.44,13230.01,1.50E-05
1514808480,1/1/2018 12:08,BTCUSD,13230.01,13238.61,13230.01,13238.61,0.150809479
1514808540,1/1/2018 12:09,BTCUSD,13238.61,13238.61,13238.6,13238.6,1.50E-05
1514808600,1/1/2018 12:10,BTCUSD,13238.6,13238.6,13238.6,13238.6,1.000015
1514808660,1/1/2018 12:11,BTCUSD,13238.6,13245.08,13238.6,13245.08,0.01644382
1514808720,1/1/2018 12:12,BTCUSD,13245.08,13245.82,13245.08,13245.81,0.62234373
1514808780,1/1/2018 12:13,BTCUSD,13245.81,13245.81,13200.01,13200.01,0.43094475
1514808840,1/1/2018 12:14,BTCUSD,13200.01,13207.26,13192.51,13192.51,2.128337025
1514808900,1/1/2018 12:15,BTCUSD,13192.51,13192.51,13157.31,13157.31,0.81549681
1514808960,1/1/2018 12:16,BTCUSD,13157.31,13163.32,13156.91,13156.91,0.01580781
1514809020,1/1/2018 12:17,BTCUSD,13156.91,13156.91,13156.9,13156.9,0.03849683
1514809080,1/1/2018 12:18,BTCUSD,13156.9,13160.56,13156.9,13160.56,3.83243094
1514809140,1/1/2018 12:19,BTCUSD,13160.56,13160.56,13160.56,13160.56,8.00E-05
1514809200,1/1/2018 12:20,BTCUSD,13160.56,13160.56,13139.3,13148.71,0.28501188
1514809260,1/1/2018 12:21,BTCUSD,13148.71,13148.71,13147.72,13147.72,1.50E-05
1514809320,1/1/2018 12:22,BTCUSD,13147.72,13147.72,13147.72,13147.72,1.50E-05
1514809380,1/1/2018 12:23,BTCUSD,13147.72,13147.72,13139.3,13139.3,0.0009935
1514809440,1/1/2018 12:24,BTCUSD,13139.3,13139.3,13116.75,13116.75,0.56509751
1514809500,1/1/2018 12:25,BTCUSD,13116.75,13120.03,13092.3,13092.3,8.96250898
1514809560,1/1/2018 12:26,BTCUSD,13092.3,13134.23,13092.3,13134.23,0.003015
1514809620,1/1/2018 12:27,BTCUSD,13134.23,13134.23,13103.48,13103.48,0.903779284
1514809680,1/1/2018 12:28,BTCUSD,13103.48,13119.87,13103.48,13119.87,1.21883126
1514809740,1/1/2018 12:29,BTCUSD,13119.87,13139.3,13117.14,13139.3,2.770095
1514809800,1/1/2018 12:30,BTCUSD,13139.3,13147.63,13139.29,13147.63,0.25285185
1514809860,1/1/2018 12:31,BTCUSD,13147.63,13148.33,13147.63,13148.33,0.00507608
1514809920,1/1/2018 12:32,BTCUSD,13148.33,13163.32,13148.33,13163.27,0.11295258
1514809980,1/1/2018 12:33,BTCUSD,13163.27,13163.29,13163.27,13163.29,0.02571772
1514810040,1/1/2018 12:34,BTCUSD,13163.29,13189.51,13163.29,13167.29,0.56187377
1514810100,1/1/2018 12:35,BTCUSD,13167.29,13169.29,13167.29,13167.29,0.09
1514810160,1/1/2018 12:36,BTCUSD,13167.29,13167.29,13155.72,13155.72,1.001015
1514810220,1/1/2018 12:37,BTCUSD,13155.72,13162.23,13153.31,13155.01,0.9311053
1514810280,1/1/2018 12:38,BTCUSD,13155.01,13155.01,13155.01,13155.01,0.500015
1514810340,1/1/2018 12:39,BTCUSD,13155.01,13155.01,13151,13151,0.08365881
1514810400,1/1/2018 12:40,BTCUSD,13151,13151.01,13147.64,13147.64,3.26015199
1514810460,1/1/2018 12:41,BTCUSD,13147.64,13147.64,13147.64,13147.64,1.50E-05
1514810520,1/1/2018 12:42,BTCUSD,13147.64,13159.59,13147.64,13158.65,0.3523037
1514810580,1/1/2018 12:43,BTCUSD,13158.65,13161.25,13147.65,13161.25,9.89080899
1514810640,1/1/2018 12:44,BTCUSD,13161.25,13194.32,13160.29,13194.32,0.54944609
1514810700,1/1/2018 12:45,BTCUSD,13194.32,13194.32,13194.1,13194.28,0.02643009
1514810760,1/1/2018 12:46,BTCUSD,13194.28,13194.28,13193.68,13193.68,0.99502516
1514810820,1/1/2018 12:47,BTCUSD,13193.68,13193.68,13184,13184.01,1.2667483
1514810880,1/1/2018 12:48,BTCUSD,13184.01,13184.01,13184,13184,0.015687
1514810940,1/1/2018 12:49,BTCUSD,13184,13184.01,13168.82,13168.82,1.620015
1514811000,1/1/2018 12:50,BTCUSD,13168.82,13189,13168.82,13177.91,0.04805528
1514811060,1/1/2018 12:51,BTCUSD,13177.91,13189,13175.92,13189,1.83192933
1514811120,1/1/2018 12:52,BTCUSD,13189,13189,13182.01,13182.01,0.00054067
1514811180,1/1/2018 12:53,BTCUSD,13182.01,13182.01,13182,13182.01,0.00077642
1514811240,1/1/2018 12:54,BTCUSD,13182.01,13193.93,13178.51,13193.93,1.31223772
1514811300,1/1/2018 12:55,BTCUSD,13193.93,13193.93,13172.85,13172.85,7.85818785
1514811360,1/1/2018 12:56,BTCUSD,13172.85,13172.85,13172.84,13172.84,9.50E-05
1514811420,1/1/2018 12:57,BTCUSD,13172.84,13172.84,13147.64,13147.64,0.522078252
1514811480,1/1/2018 12:58,BTCUSD,13147.64,13147.65,13147.64,13147.64,6.8810499
1514811540,1/1/2018 12:59,BTCUSD,13147.64,13147.65,13147.64,13147.64,3.52899019
1514811600,1/1/2018 13:00,BTCUSD,13147.64,13151.65,13147.64,13151.65,0.68495165
1514811660,1/1/2018 13:01,BTCUSD,13151.65,13151.66,13139.28,13139.28,7.467288871
1514811720,1/1/2018 13:02,BTCUSD,13139.28,13139.28,13090,13090,0.175647
1514811780,1/1/2018 13:03,BTCUSD,13090,13090,12984,12984,35.78502012
1514811840,1/1/2018 13:04,BTCUSD,12984,12984,12943.01,12943.03,7.24317805
1514811900,1/1/2018 13:05,BTCUSD,12943.03,12943.03,12925.9,12925.9,2.18061939
1514811960,1/1/2018 13:06,BTCUSD,12925.9,12925.9,12917.61,12925.9,6.192798
1514812020,1/1/2018 13:07,BTCUSD,12925.9,12925.9,12900,12907.63,11.1620009
1514812080,1/1/2018 13:08,BTCUSD,12907.63,12925.47,12900.2,12900.2,5.68441057
1514812140,1/1/2018 13:09,BTCUSD,12900.2,12900.2,12900.19,12900.2,6.258519
1514812200,1/1/2018 13:10,BTCUSD,12900.2,12925.32,12900.2,12925.32,8.96514193
1514812260,1/1/2018 13:11,BTCUSD,12925.32,13025.19,12925.32,13024.47,1.0135499
1514812320,1/1/2018 13:12,BTCUSD,13024.47,13024.47,12998.7,12998.7,0.88290771
1514812380,1/1/2018 13:13,BTCUSD,12998.7,13049.02,12998.02,13049.02,4.0044482
1514812440,1/1/2018 13:14,BTCUSD,13049.02,13049.02,13048.29,13048.98,3.91965295
1514812500,1/1/2018 13:15,BTCUSD,13048.98,13061.74,13036.5,13061.74,3.6684519
1514812560,1/1/2018 13:16,BTCUSD,13061.74,13061.74,13027.69,13027.69,0.100716
1514812620,1/1/2018 13:17,BTCUSD,13027.69,13110.82,13027.69,13051.2,0.240107877
1514812680,1/1/2018 13:18,BTCUSD,13051.2,13065.73,13051.2,13065.73,2.34879932
1514812740,1/1/2018 13:19,BTCUSD,13065.73,13084.01,13065.73,13070.61,0.21062887
1514812800,1/1/2018 13:20,BTCUSD,13070.61,13084,13070.61,13084,6.82126427
1514812860,1/1/2018 13:21,BTCUSD,13084,13096.59,13084,13096.59,13.1451241
1514812920,1/1/2018 13:22,BTCUSD,13096.59,13116.75,13096.59,13108.35,1.276691212
1514812980,1/1/2018 13:23,BTCUSD,13108.35,13112.93,13108.35,13112.93,1.24693896
1514813040,1/1/2018 13:24,BTCUSD,13112.93,13112.93,13112.88,13112.92,0.35943008
1514813100,1/1/2018 13:25,BTCUSD,13112.92,13112.92,13104.37,13104.37,7.826164708
1514813160,1/1/2018 13:26,BTCUSD,13104.37,13104.37,13028.49,13028.49,3.898516
1514813220,1/1/2018 13:27,BTCUSD,13028.49,13039.27,13023.5,13039.27,0.48400918
1514813280,1/1/2018 13:28,BTCUSD,13039.27,13046.33,13008,13046.33,0.560015
1514813340,1/1/2018 13:29,BTCUSD,13046.33,13048.57,13037,13037,0.8887744
1514813400,1/1/2018 13:30,BTCUSD,13037,13037.01,13034.16,13037,4.08912263
1514813460,1/1/2018 13:31,BTCUSD,13037,13037,13033,13033.01,0.016332
1514813520,1/1/2018 13:32,BTCUSD,13033.01,13033.01,13033,13033.01,0.37735347
1514813580,1/1/2018 13:33,BTCUSD,13033.01,13036.22,13018.39,13018.39,6.348683228
1514813640,1/1/2018 13:34,BTCUSD,13018.39,13036.14,13018.39,13036.14,1.50E-05
1514813700,1/1/2018 13:35,BTCUSD,13036.14,13036.14,13004.01,13004.01,1.50E-05
1514813760,1/1/2018 13:36,BTCUSD,13004.01,13087.02,13004.01,13074.09,4.812114118
1514813820,1/1/2018 13:37,BTCUSD,13074.09,13074.09,13034.51,13037.99,1.20553102
1514813880,1/1/2018 13:38,BTCUSD,13037.99,13073.35,13037.99,13073.32,1.43645827
1514813940,1/1/2018 13:39,BTCUSD,13073.32,13074.04,13073.31,13074.04,0.0614411
1514814000,1/1/2018 13:40,BTCUSD,13074.04,13074.04,13074.03,13074.04,4.25346482
1514814060,1/1/2018 13:41,BTCUSD,13074.04,13074.04,13074.03,13074.04,2.26601261
1514814120,1/1/2018 13:42,BTCUSD,13074.04,13074.04,13074.04,13074.04,0.40138816
1514814180,1/1/2018 13:43,BTCUSD,13074.04,13082.57,13074.04,13082.57,0.15489437
1514814240,1/1/2018 13:44,BTCUSD,13082.57,13096.03,13082.57,13096.03,2.93144424
1514814300,1/1/2018 13:45,BTCUSD,13096.03,13096.03,13077.33,13077.33,6.478499534
1514814360,1/1/2018 13:46,BTCUSD,13077.33,13082.55,13077.32,13080.01,5.41290166
1514814420,1/1/2018 13:47,BTCUSD,13080.01,13080.01,13044.07,13044.07,7.41324362
1514814480,1/1/2018 13:48,BTCUSD,13044.07,13044.07,13033.94,13033.94,0.46221162
1514814540,1/1/2018 13:49,BTCUSD,13033.94,13033.94,12998.9,12998.9,4.08858062
1514814600,1/1/2018 13:50,BTCUSD,12998.9,12998.9,12985.49,12985.51,1.43388337
1514814660,1/1/2018 13:51,BTCUSD,12985.51,12991.69,12985.5,12987.69,3.154075
1514814720,1/1/2018 13:52,BTCUSD,12987.69,12987.69,12974.01,12974.01,6.89612331
1514814780,1/1/2018 13:53,BTCUSD,12974.01,12974.01,12948.25,12948.25,4.51373392
1514814840,1/1/2018 13:54,BTCUSD,12948.25,12948.25,12925.04,12929.99,17.07699586
1514814900,1/1/2018 13:55,BTCUSD,12929.99,13011.64,12929.99,12939.35,12.33703392
1514814960,1/1/2018 13:56,BTCUSD,12939.35,12939.36,12939.35,12939.35,3.4
1514815020,1/1/2018 13:57,BTCUSD,12939.35,12995.72,12939.35,12995.36,0.71466243
1514815080,1/1/2018 13:58,BTCUSD,12995.36,12995.36,12994.26,12994.26,0.01096944
1514815140,1/1/2018 13:59,BTCUSD,12994.26,12994.8,12986.09,12994.8,2.27069315
1514815200,1/1/2018 14:00,BTCUSD,12994.8,13069.37,12994.8,13018,0.601156918
1514815260,1/1/2018 14:01,BTCUSD,13018,13018,12985.9,12985.9,0.5173667
1514815320,1/1/2018 14:02,BTCUSD,12985.9,12985.9,12966.03,12969.25,0.25132287
1514815380,1/1/2018 14:03,BTCUSD,12969.25,12969.25,12955.52,12955.52,3.40197566
1514815440,1/1/2018 14:04,BTCUSD,12955.52,12955.52,12899,12899,27.67591901
1514815500,1/1/2018 14:05,BTCUSD,12899,12899,12840,12840,8.52797102
1514815560,1/1/2018 14:06,BTCUSD,12840,12866.46,12840,12854.02,1.194167815
1514815620,1/1/2018 14:07,BTCUSD,12854.02,12894.01,12854.02,12894.01,7.51217711
1514815680,1/1/2018 14:08,BTCUSD,12894.01,12894.01,12852.99,12852.99,9.14664183
1514815740,1/1/2018 14:09,BTCUSD,12852.99,12862,12850.96,12862,5.02158265
1514815800,1/1/2018 14:10,BTCUSD,12862,12866.01,12850,12850,8.82137662
1514815860,1/1/2018 14:11,BTCUSD,12850,12854,12821.5,12821.5,22.03554201
1514815920,1/1/2018 14:12,BTCUSD,12821.5,12821.5,12800,12800,18.36448979
1514815980,1/1/2018 14:13,BTCUSD,12800,12826.12,12800,12826.12,1.00688571
1514816040,1/1/2018 14:14,BTCUSD,12826.12,12860.01,12826.12,12860,4.629667744
1514816100,1/1/2018 14:15,BTCUSD,12860,12860,12858,12858,2.73905778
1514816160,1/1/2018 14:16,BTCUSD,12858,12896.68,12858,12896.67,2.648324046
1514816220,1/1/2018 14:17,BTCUSD,12896.67,12896.67,12879.89,12879.89,2.50112572
1514816280,1/1/2018 14:18,BTCUSD,12879.89,12886.95,12879.89,12886.95,0.48918884
1514816340,1/1/2018 14:19,BTCUSD,12886.95,12886.95,12879.9,12879.9,3.62137467
1514816400,1/1/2018 14:20,BTCUSD,12879.9,12879.9,12861.63,12862.02,0.159521376
1514816460,1/1/2018 14:21,BTCUSD,12862.02,12866.03,12862.02,12866.03,1.38520411
1514816520,1/1/2018 14:22,BTCUSD,12866.03,12866.03,12850.21,12850.21,8.11718162
1514816580,1/1/2018 14:23,BTCUSD,12850.21,12854.21,12850.21,12854.21,1.785497196
1514816640,1/1/2018 14:24,BTCUSD,12854.21,12859.99,12850.2,12850.2,3.951921025
1514816700,1/1/2018 14:25,BTCUSD,12850.2,12875.67,12846.2,12875.67,12.64538118
1514816760,1/1/2018 14:26,BTCUSD,12875.67,12875.75,12875,12875.74,2.12642106
1514816820,1/1/2018 14:27,BTCUSD,12875.74,12882.92,12855.51,12875.74,15.88138652
1514816880,1/1/2018 14:28,BTCUSD,12875.74,12961.65,12872.41,12959.61,28.97589748
1514816940,1/1/2018 14:29,BTCUSD,12959.61,12998.39,12926.6,12962.06,7.425056951
1514817000,1/1/2018 14:30,BTCUSD,12962.06,12963.41,12918.58,12935.66,6.292115681
1514817060,1/1/2018 14:31,BTCUSD,12935.66,12935.66,12892.03,12935.15,19.61756019
1514817120,1/1/2018 14:32,BTCUSD,12935.15,12949.39,12891.51,12931.76,6.98536912
1514817180,1/1/2018 14:33,BTCUSD,12931.76,12931.76,12875.76,12883.79,16.06495207
1514817240,1/1/2018 14:34,BTCUSD,12883.79,12887.77,12842,12871.01,29.74042876
1514817300,1/1/2018 14:35,BTCUSD,12871.01,12911.67,12820.84,12882.87,17.58618445
1514817360,1/1/2018 14:36,BTCUSD,12882.87,12931.92,12882.87,12920.15,3.61355018
1514817420,1/1/2018 14:37,BTCUSD,12920.15,12929.99,12920.15,12929.99,1.21692079
1514817480,1/1/2018 14:38,BTCUSD,12929.99,12929.99,12902.49,12902.5,1.73522586
1514817540,1/1/2018 14:39,BTCUSD,12902.5,12927.57,12894.54,12918,11.59189922
1514817600,1/1/2018 14:40,BTCUSD,12918,12951.79,12918,12949.2,21.60113221
1514817660,1/1/2018 14:41,BTCUSD,12949.2,12967.48,12920,12950.31,2.12078065
1514817720,1/1/2018 14:42,BTCUSD,12950.31,12958.67,12950.31,12958.66,0.50352458
1514817780,1/1/2018 14:43,BTCUSD,12958.66,12969.88,12958.66,12969.87,5.1591085
1514817840,1/1/2018 14:44,BTCUSD,12969.87,12969.87,12962.67,12962.68,2.8385
1514817900,1/1/2018 14:45,BTCUSD,12962.68,12999,12962.68,12998.99,1.2466062
1514817960,1/1/2018 14:46,BTCUSD,12998.99,12999,12998.99,12998.99,3.18934323
1514818020,1/1/2018 14:47,BTCUSD,12998.99,13015.94,12998.99,13015.94,1.01653848
1514818080,1/1/2018 14:48,BTCUSD,13015.94,13015.94,13006.47,13010.93,3.65513401
1514818140,1/1/2018 14:49,BTCUSD,13010.93,13010.93,13006.48,13006.48,4.23138758
1514818200,1/1/2018 14:50,BTCUSD,13006.48,13020.37,13000.99,13020.37,12.52881426
1514818260,1/1/2018 14:51,BTCUSD,13020.37,13050,13015.51,13050,32.97827697
1514818320,1/1/2018 14:52,BTCUSD,13050,13113.81,13050,13113.81,0.12878919
1514818380,1/1/2018 14:53,BTCUSD,13113.81,13167,13113.81,13163.65,10.09197739
1514818440,1/1/2018 14:54,BTCUSD,13163.65,13165.65,13163.65,13165.65,0.25772983
1514818500,1/1/2018 14:55,BTCUSD,13165.65,13166.34,13165.65,13166.34,0.38467965
1514818560,1/1/2018 14:56,BTCUSD,13166.34,13202.2,13166.34,13166.35,1.538485372
1514818620,1/1/2018 14:57,BTCUSD,13166.35,13200.86,13166.35,13200.3,0.08919986
1514818680,1/1/2018 14:58,BTCUSD,13200.3,13200.3,13167.46,13174.31,0.69033624
1514818740,1/1/2018 14:59,BTCUSD,13174.31,13174.71,13174.31,13174.71,0.0282
1514818800,1/1/2018 15:00,BTCUSD,13174.71,13200.9,13174.71,13200.88,0.01284031
1514818860,1/1/2018 15:01,BTCUSD,13200.88,13200.89,13193.95,13193.95,0.706798258
1514818920,1/1/2018 15:02,BTCUSD,13193.95,13193.95,13165.49,13165.49,4.61675144
1514818980,1/1/2018 15:03,BTCUSD,13165.49,13165.49,13164.87,13164.87,0.2740289
1514819040,1/1/2018 15:04,BTCUSD,13164.87,13164.87,13153.77,13153.77,0.27555953
1514819100,1/1/2018 15:05,BTCUSD,13153.77,13185.99,13153.77,13185.95,0.21936634
1514819160,1/1/2018 15:06,BTCUSD,13185.95,13185.95,13185.95,13185.95,0
1514819220,1/1/2018 15:07,BTCUSD,13185.95,13190,13185.73,13190,0.38319291
1514819280,1/1/2018 15:08,BTCUSD,13190,13198.48,13189.87,13198.48,0.43941265
1514819340,1/1/2018 15:09,BTCUSD,13198.48,13231.83,13198.48,13231.83,0.31982806
1514819400,1/1/2018 15:10,BTCUSD,13231.83,13231.83,13205.23,13205.23,0.25386637
1514819460,1/1/2018 15:11,BTCUSD,13205.23,13206.9,13190,13190,3.26299083
1514819520,1/1/2018 15:12,BTCUSD,13190,13196.37,13190,13196.37,0.15909662
1514819580,1/1/2018 15:13,BTCUSD,13196.37,13197,13196.37,13196.99,0.19701446
1514819640,1/1/2018 15:14,BTCUSD,13196.99,13196.99,13185.8,13185.8,0.18529767
1514819700,1/1/2018 15:15,BTCUSD,13185.8,13185.8,13175.99,13175.99,0.13957831
1514819760,1/1/2018 15:16,BTCUSD,13175.99,13175.99,13136.73,13136.73,3.19116778
1514819820,1/1/2018 15:17,BTCUSD,13136.73,13156,13136.73,13156,0.002274642
1514819880,1/1/2018 15:18,BTCUSD,13156,13156,13156,13156,0
1514819940,1/1/2018 15:19,BTCUSD,13156,13156,13136.96,13136.96,0.04455033
1514820000,1/1/2018 15:20,BTCUSD,13136.96,13200,13136.95,13186.1,4.065991834
1514820060,1/1/2018 15:21,BTCUSD,13186.1,13200,13178.34,13178.34,0.669739427
1514820120,1/1/2018 15:22,BTCUSD,13178.34,13217.61,13178.34,13217.61,0.98475617
1514820180,1/1/2018 15:23,BTCUSD,13217.61,13267.23,13208.96,13267.23,23.67236
1514820240,1/1/2018 15:24,BTCUSD,13267.23,13322.97,13267.23,13318.44,16.23929749
1514820300,1/1/2018 15:25,BTCUSD,13318.44,13350,13303.5,13347.99,5.430329
1514820360,1/1/2018 15:26,BTCUSD,13347.99,13347.99,13271.44,13288.88,2.33805111
1514820420,1/1/2018 15:27,BTCUSD,13288.88,13320.03,13279.21,13279.21,8.13607725
1514820480,1/1/2018 15:28,BTCUSD,13279.21,13310.65,13255.35,13255.35,6.54648544
1514820540,1/1/2018 15:29,BTCUSD,13255.35,13322.35,13255.35,13322.3,2.638836679
1514820600,1/1/2018 15:30,BTCUSD,13322.3,13322.3,13299.63,13299.63,0.816253108
1514820660,1/1/2018 15:31,BTCUSD,13299.63,13299.63,13288.69,13288.69,0.0676131
1514820720,1/1/2018 15:32,BTCUSD,13288.69,13288.69,13272.78,13272.78,1.25295459
1514820780,1/1/2018 15:33,BTCUSD,13272.78,13272.78,13271.67,13271.68,5.95574554
1514820840,1/1/2018 15:34,BTCUSD,13271.68,13271.68,13240.22,13249.84,0.45586613
1514820900,1/1/2018 15:35,BTCUSD,13249.84,13249.84,13232.85,13232.85,0.25
1514820960,1/1/2018 15:36,BTCUSD,13232.85,13277.64,13232.83,13277.64,3.007902838
1514821020,1/1/2018 15:37,BTCUSD,13277.64,13277.64,13236.96,13237.95,1.64420922
1514821080,1/1/2018 15:38,BTCUSD,13237.95,13242.77,13236.7,13237,0.52637014
1514821140,1/1/2018 15:39,BTCUSD,13237,13246.67,13237,13246.67,0.0196038
1514821200,1/1/2018 15:40,BTCUSD,13246.67,13246.67,13237,13237,0.043097051
1514821260,1/1/2018 15:41,BTCUSD,13237,13237,13183.76,13183.76,0.01685527
1514821320,1/1/2018 15:42,BTCUSD,13183.76,13183.76,13183.76,13183.76,0
1514821380,1/1/2018 15:43,BTCUSD,13183.76,13218.7,13183.76,13218.7,0.245805527
1514821440,1/1/2018 15:44,BTCUSD,13218.7,13218.7,13218.7,13218.7,0
1514821500,1/1/2018 15:45,BTCUSD,13218.7,13225,13218.7,13225,0.00360408
1514821560,1/1/2018 15:46,BTCUSD,13225,13300,13225,13300,1.274534644
1514821620,1/1/2018 15:47,BTCUSD,13300,13320.78,13290.47,13320.78,0.352443635
1514821680,1/1/2018 15:48,BTCUSD,13320.78,13320.89,13300,13320.89,2.82332798
1514821740,1/1/2018 15:49,BTCUSD,13320.89,13320.9,13320.89,13320.9,0.21929547
1514821800,1/1/2018 15:50,BTCUSD,13320.9,13320.9,13285.23,13286.99,1.20437699
1514821860,1/1/2018 15:51,BTCUSD,13286.99,13286.99,13250.13,13256.37,0.048664139
1514821920,1/1/2018 15:52,BTCUSD,13256.37,13256.37,13217.14,13217.14,0.120508631
1514821980,1/1/2018 15:53,BTCUSD,13217.14,13242.87,13217.14,13242.87,0.00665474
1514822040,1/1/2018 15:54,BTCUSD,13242.87,13242.87,13213.12,13242.35,2.6096923
1514822100,1/1/2018 15:55,BTCUSD,13242.35,13242.35,13242.35,13242.35,0
1514822160,1/1/2018 15:56,BTCUSD,13242.35,13242.35,13215.73,13215.73,2.80097763
1514822220,1/1/2018 15:57,BTCUSD,13215.73,13215.73,13213.03,13213.03,10.01925237
1514822280,1/1/2018 15:58,BTCUSD,13213.03,13213.03,13193.26,13207,4.38477712
1514822340,1/1/2018 15:59,BTCUSD,13207,13207,13199.67,13199.67,0.060781
1514822400,1/1/2018 16:00,BTCUSD,13199.67,13199.67,13199.49,13199.66,3.02280773
1514822460,1/1/2018 16:01,BTCUSD,13199.66,13199.66,13196.36,13196.36,0.009
1514822520,1/1/2018 16:02,BTCUSD,13196.36,13196.36,13170,13190,0.80846874
1514822580,1/1/2018 16:03,BTCUSD,13190,13190,13170,13189.71,0.15176147
1514822640,1/1/2018 16:04,BTCUSD,13189.71,13196.2,13170,13196.2,1.767337207
1514822700,1/1/2018 16:05,BTCUSD,13196.2,13196.2,13170,13170,1.03758745
1514822760,1/1/2018 16:06,BTCUSD,13170,13182.79,13170,13170,1.73559001
1514822820,1/1/2018 16:07,BTCUSD,13170,13170,13160,13160,0.07578347
1514822880,1/1/2018 16:08,BTCUSD,13160,13160,13136.65,13136.65,5.24066573
1514822940,1/1/2018 16:09,BTCUSD,13136.65,13136.65,13135.83,13135.83,0.03041394
1514823000,1/1/2018 16:10,BTCUSD,13135.83,13135.83,13122.23,13122.23,1.21584117
1514823060,1/1/2018 16:11,BTCUSD,13122.23,13134.3,13120.9,13120.9,5.290478841
1514823120,1/1/2018 16:12,BTCUSD,13120.9,13129.47,13120.9,13129.47,0.83422508
1514823180,1/1/2018 16:13,BTCUSD,13129.47,13183.79,13129.47,13183.79,8.253254577
1514823240,1/1/2018 16:14,BTCUSD,13183.79,13206.66,13159.32,13206.66,12.44595544
1514823300,1/1/2018 16:15,BTCUSD,13206.66,13206.68,13172.14,13172.14,0.82173434
1514823360,1/1/2018 16:16,BTCUSD,13172.14,13205.9,13143.99,13160.49,4.942420246
1514823420,1/1/2018 16:17,BTCUSD,13160.49,13160.49,13070.37,13134.3,10.1350192
1514823480,1/1/2018 16:18,BTCUSD,13134.3,13134.3,13118.99,13119,0.47035968
1514823540,1/1/2018 16:19,BTCUSD,13119,13119,13092.8,13118.8,6.332581507
1514823600,1/1/2018 16:20,BTCUSD,13118.8,13118.8,13068,13068,7.28732396
1514823660,1/1/2018 16:21,BTCUSD,13068,13068,13025,13067.26,23.07918842
1514823720,1/1/2018 16:22,BTCUSD,13067.26,13069.6,13056.37,13069.6,1.262145786
1514823780,1/1/2018 16:23,BTCUSD,13069.6,13069.6,13010.06,13010.83,4.819705479
1514823840,1/1/2018 16:24,BTCUSD,13010.83,13062.26,13010.83,13052.12,0.051198196
1514823900,1/1/2018 16:25,BTCUSD,13052.12,13052.12,13010,13038.15,0.42441669
1514823960,1/1/2018 16:26,BTCUSD,13038.15,13052.61,13010.21,13018.74,0.251132787
1514824020,1/1/2018 16:27,BTCUSD,13018.74,13046.21,13016,13046.21,28.5327144
1514824080,1/1/2018 16:28,BTCUSD,13046.21,13046.21,12999,12999,14.05160621
1514824140,1/1/2018 16:29,BTCUSD,12999,13042.88,12983.48,12983.48,17.00497868
1514824200,1/1/2018 16:30,BTCUSD,12983.48,13041.29,12981.65,12981.65,22.30008
1514824260,1/1/2018 16:31,BTCUSD,12981.65,13019,12981.65,13019,11.002
1514824320,1/1/2018 16:32,BTCUSD,13019,13046.18,13018.99,13046.18,13.93890448
1514824380,1/1/2018 16:33,BTCUSD,13046.18,13046.18,13011.55,13011.55,6.33989834
1514824440,1/1/2018 16:34,BTCUSD,13011.55,13032.73,13011.55,13030.77,2.67426099
1514824500,1/1/2018 16:35,BTCUSD,13030.77,13030.77,13020.01,13020.01,0.244165
1514824560,1/1/2018 16:36,BTCUSD,13020.01,13020.01,12980.48,12980.48,1.238734688
1514824620,1/1/2018 16:37,BTCUSD,12980.48,12980.48,12946.81,12950,12.53844825
1514824680,1/1/2018 16:38,BTCUSD,12950,12971.93,12950,12955.86,0.28201713
1514824740,1/1/2018 16:39,BTCUSD,12955.86,12989.12,12946.03,12982.03,23.82171844
